id,catalog_number,pdf
2793471,L 4035 163 1,https://mro-host.herokuapp.com/file_download/?name=reelcraft_L4000PDF.pdf
2793475,L 4035 A 163 5,https://mro-host.herokuapp.com/file_download/?name=reelcraft_L4000PDF.pdf
2207996,SD13000 OVP,https://mro-host.herokuapp.com/file_download/?name=reelcraft_SD130002.pdf
2793467,L 5400,https://mro-host.herokuapp.com/file_download/?name=reelcraft_L5000PDF.pdf
2208052,5405 OHP,https://mro-host.herokuapp.com/file_download/?name=reelcraft_5005-PDF.pdf
2207980,B5835 OLP,https://mro-host.herokuapp.com/file_download/?name=reelcraft_A5005PDF.pdf
2208012,UR7915 OLB,https://mro-host.herokuapp.com/file_download/?name=reelcraft_7000 SERIES OXP TW.pdf
2793413,CA32106 L,https://mro-host.herokuapp.com/file_download/?name=reelcraft_3X106PDF.pdf
2208068,7600 OHP,https://mro-host.herokuapp.com/file_download/?name=reelcraft_7000 SERIES OXP TW.pdf
5056270,7650 OLP-HTH,https://mro-host.herokuapp.com/file_download/?name=reelcraft_7000 SERIES OXP TW.pdf
2793465,L 4500,https://mro-host.herokuapp.com/file_download/?name=reelcraft_L4000PDF.pdf
2793419,CA32122 L,https://mro-host.herokuapp.com/file_download/?name=reelcraft_3X122PDF.pdf
2793441,L 4035 163 3,https://mro-host.herokuapp.com/file_download/?name=reelcraft_L4000PDF.pdf
2793477,L 5245 A 163 6X,https://mro-host.herokuapp.com/file_download/?name=reelcraft_L5000PDF.pdf
2793473,L 4035 162 2,https://mro-host.herokuapp.com/file_download/?name=reelcraft_L4000PDF.pdf
2793421,CA33106 L,https://mro-host.herokuapp.com/file_download/?name=reelcraft_3X106PDF.pdf
2793425,CA33118 L,https://mro-host.herokuapp.com/file_download/?name=reelcraft_3X118PDF.pdf
2793481,L 4050 163 10,https://mro-host.herokuapp.com/file_download/?name=reelcraft_L4000PDF.pdf
5056301,L 5550 123 7b,https://mro-host.herokuapp.com/file_download/?name=reelcraft_L5005PDF.pdf
5029887,GC7925OLP,https://mro-host.herokuapp.com/file_download/?name=reelcraft_7000 SERIES OXP TW.pdf
2207974,B5625 OHP,https://mro-host.herokuapp.com/file_download/?name=reelcraft_5000 OXP TW.pdf
2208006,SD14005 OVP,https://mro-host.herokuapp.com/file_download/?name=reelcraft_SD140052.pdf
2208166,D9175 OHPBW,https://mro-host.herokuapp.com/file_download/?name=reelcraft_D9300 OLPTW.pdf
2208014,URD9275 OLBBW70,https://mro-host.herokuapp.com/file_download/?name=reelcraft_D9300 OLPTW.pdf
2208186,E9275 OMPBW,https://mro-host.herokuapp.com/file_download/?name=reelcraft_D9300 OLPTW.pdf
2208318,DP5835 OMP,https://mro-host.herokuapp.com/file_download/?name=reelcraft_DP5000 OXP NARROW.pdf
2793416,CA32112 M,https://mro-host.herokuapp.com/file_download/?name=reelcraft_3X112PDF.pdf
2793424,CA33112 M,https://mro-host.herokuapp.com/file_download/?name=reelcraft_3X112PDF.pdf
2793464,L 4100,https://mro-host.herokuapp.com/file_download/?name=reelcraft_L4000PDF.pdf
2208310,DP5600 OLP,https://mro-host.herokuapp.com/file_download/?name=reelcraft_DP5000 OXP NARROW.pdf
2793460,L 5750 103 X,https://mro-host.herokuapp.com/file_download/?name=reelcraft_L5700PDF.pdf
2793420,CA32128 L,https://mro-host.herokuapp.com/file_download/?name=reelcraft_3X128PDF.pdf
2793472,L 4050 163 1,https://mro-host.herokuapp.com/file_download/?name=reelcraft_L4000PDF.pdf
2793468,L 5500,https://mro-host.herokuapp.com/file_download/?name=reelcraft_L5005PDF.pdf
2793480,L 4035 163 10,https://mro-host.herokuapp.com/file_download/?name=reelcraft_L4000PDF.pdf
2793476,L 4050 A 163 5,https://mro-host.herokuapp.com/file_download/?name=reelcraft_L4000PDF.pdf
2793436,EA33112 M24D,https://mro-host.herokuapp.com/file_download/?name=reelcraft_EA112PDF.pdf
2208029,5600 OHP,https://mro-host.herokuapp.com/file_download/?name=reelcraft_5000 OXP TW.pdf
2208041,5430 EHP,https://mro-host.herokuapp.com/file_download/?name=reelcraft_5000EPDF.pdf
2208001,SD13050 OMP,https://mro-host.herokuapp.com/file_download/?name=reelcraft_SD130002.pdf
2207973,B5450 OLP,https://mro-host.herokuapp.com/file_download/?name=reelcraft_5000 OXP TW.pdf
2208089,DP7400 OHP,https://mro-host.herokuapp.com/file_download/?name=reelcraft_DP7000 OXP NARROW.pdf
2208137,FE9300 OLPBW,https://mro-host.herokuapp.com/file_download/?name=reelcraft_D9300 OLPTW.pdf
2793454,L 4050 163 9,https://mro-host.herokuapp.com/file_download/?name=reelcraft_L4000PDF.pdf
2208133,FD9300 OLPBW,https://mro-host.herokuapp.com/file_download/?name=reelcraft_D9300 OLPTW.pdf
2793414,CA32106 M,https://mro-host.herokuapp.com/file_download/?name=reelcraft_3X106PDF.pdf
2793478,L 4035 163 8,https://mro-host.herokuapp.com/file_download/?name=reelcraft_L4000PDF.pdf
2793426,CA33118 M,https://mro-host.herokuapp.com/file_download/?name=reelcraft_3X118PDF.pdf
2207971,B5435 OHP,https://mro-host.herokuapp.com/file_download/?name=reelcraft_5005-PDF.pdf
2793466,L 5000,https://mro-host.herokuapp.com/file_download/?name=reelcraft_L5000PDF.pdf
2207995,SD13000 OMP,https://mro-host.herokuapp.com/file_download/?name=reelcraft_SD130002.pdf
2208051,A5825 EMP,https://mro-host.herokuapp.com/file_download/?name=reelcraft_5000EPDF.pdf
2208183,E9200 OLPBW,https://mro-host.herokuapp.com/file_download/?name=reelcraft_D9300 OLPTW.pdf
773420,L45451233B,https://mro-host.herokuapp.com/file_download/?name=reelcraft_L4000PDF.pdf
773452,TW7400OLPT,https://mro-host.herokuapp.com/file_download/?name=reelcraft_TW7000 SERIES TW.pdf
773456,TW86075OLPT,https://mro-host.herokuapp.com/file_download/?name=reelcraft_TW80000 OLPT TW.pdf
773532,TW7460OLP,https://mro-host.herokuapp.com/file_download/?name=reelcraft_TW7000 SERIES TW.pdf
773556,PW7600OHP,https://mro-host.herokuapp.com/file_download/?name=reelcraft_7000 SERIES OXP TW.pdf
773572,RT602-OHP,https://mro-host.herokuapp.com/file_download/?name=reelcraft_RT_2_INCH.pdf
773544,5600OLB,https://mro-host.herokuapp.com/file_download/?name=reelcraft_5000 OXP TW.pdf
773580,RT802-OLP,https://mro-host.herokuapp.com/file_download/?name=reelcraft_RT_2_INCH.pdf
773628,GA3100N,https://mro-host.herokuapp.com/file_download/?name=reelcraft_GA3100-2.pdf
773716,5430EHP,https://mro-host.herokuapp.com/file_download/?name=reelcraft_5000EPDF.pdf
773708,A5800ELP,https://mro-host.herokuapp.com/file_download/?name=reelcraft_5000EPDF.pdf
773712,5600ELP,https://mro-host.herokuapp.com/file_download/?name=reelcraft_5000EPDF.pdf
773676,CA30118L,https://mro-host.herokuapp.com/file_download/?name=reelcraft_3X118PDF.pdf
773720,5635ELP,https://mro-host.herokuapp.com/file_download/?name=reelcraft_5000EPDF.pdf
773688,CA32122L,https://mro-host.herokuapp.com/file_download/?name=reelcraft_3X122PDF.pdf
773745,5405OHP,https://mro-host.herokuapp.com/file_download/?name=reelcraft_5005-PDF.pdf
773620,SHA3850OLP,https://mro-host.herokuapp.com/file_download/?name=reelcraft_SREELPDF.pdf
773736,5600OMP,https://mro-host.herokuapp.com/file_download/?name=reelcraft_5000 OXP TW.pdf
773732,5400OLP,https://mro-host.herokuapp.com/file_download/?name=reelcraft_5000 OXP TW.pdf
773770,7600OMP,https://mro-host.herokuapp.com/file_download/?name=reelcraft_7000 SERIES OXP TW.pdf
773724,5435OMP,https://mro-host.herokuapp.com/file_download/?name=reelcraft_5000 OXP TW.pdf
2208362,UR7800 OLB70,https://mro-host.herokuapp.com/file_download/?name=reelcraft_7000 SERIES OXP TW.pdf
773274,L5550124X,https://mro-host.herokuapp.com/file_download/?name=reelcraft_L5005PDF.pdf
773410,L40351622,https://mro-host.herokuapp.com/file_download/?name=reelcraft_L4000PDF.pdf
773450,TW86000OLPT,https://mro-host.herokuapp.com/file_download/?name=reelcraft_TW80000 OLPT TW.pdf
773526,TW7400OLP,https://mro-host.herokuapp.com/file_download/?name=reelcraft_TW7000 SERIES TW.pdf
773418,L5245A1636X,https://mro-host.herokuapp.com/file_download/?name=reelcraft_L5000PDF.pdf
773530,STW3450OLP,https://mro-host.herokuapp.com/file_download/?name=reelcraft_SREELPDF.pdf
773590,RT802-OLB,https://mro-host.herokuapp.com/file_download/?name=reelcraft_RT_2_INCH.pdf
773458,TW7450OLPT,https://mro-host.herokuapp.com/file_download/?name=reelcraft_TW7000 SERIES TW.pdf
773554,5635OLPSW5,https://mro-host.herokuapp.com/file_download/?name=reelcraft_5000 OXP TW.pdf
773622,SCA3850OLP,https://mro-host.herokuapp.com/file_download/?name=reelcraft_SREELPDF.pdf
773630,G3050Y,https://mro-host.herokuapp.com/file_download/?name=reelcraft_G3000PDF.pdf
2208165,D9100 OHPBW,https://mro-host.herokuapp.com/file_download/?name=reelcraft_D9300 OLPTW.pdf
2208309,DP5600 OHP,https://mro-host.herokuapp.com/file_download/?name=reelcraft_DP5000 OXP NARROW.pdf
773574,RT602-OMP,https://mro-host.herokuapp.com/file_download/?name=reelcraft_RT_2_INCH.pdf
2208185,E9275 OLPBW,https://mro-host.herokuapp.com/file_download/?name=reelcraft_D9300 OLPTW.pdf
773606,RT635-OMP,https://mro-host.herokuapp.com/file_download/?name=reelcraft_RT_2_INCH.pdf
2208345,D9300 OLSBW-S,https://mro-host.herokuapp.com/file_download/?name=reelcraft_D9300 OLPTW.pdf
773586,RT405-OLB,https://mro-host.herokuapp.com/file_download/?name=reelcraft_RT_2_INCH.pdf
773542,D9400OLBBW,https://mro-host.herokuapp.com/file_download/?name=reelcraft_D9300 OLPTW.pdf
773409,L4035A1635,https://mro-host.herokuapp.com/file_download/?name=reelcraft_L4000PDF.pdf
773449,TW84000OLPT,https://mro-host.herokuapp.com/file_download/?name=reelcraft_TW80000 OLPT TW.pdf
773545,7600OLB,https://mro-host.herokuapp.com/file_download/?name=reelcraft_7000 SERIES OXP TW.pdf
773485,H18006M,https://mro-host.herokuapp.com/file_download/?name=reelcraft_H16000-2.pdf
773581,RT802-OMP,https://mro-host.herokuapp.com/file_download/?name=reelcraft_RT_2_INCH.pdf
773717,5450ELP,https://mro-host.herokuapp.com/file_download/?name=reelcraft_5000EPDF.pdf
773737,A5835OLP,https://mro-host.herokuapp.com/file_download/?name=reelcraft_A5005PDF.pdf
773721,A5825OLP,https://mro-host.herokuapp.com/file_download/?name=reelcraft_5000 OXP TW.pdf
773689,CA32128L,https://mro-host.herokuapp.com/file_download/?name=reelcraft_3X128PDF.pdf
773729,A5800OLP,https://mro-host.herokuapp.com/file_download/?name=reelcraft_5000 OXP TW.pdf
773767,7400OHP,https://mro-host.herokuapp.com/file_download/?name=reelcraft_7000 SERIES OXP TW.pdf
773803,83050OLP,https://mro-host.herokuapp.com/file_download/?name=reelcraft_80000 OXP TW.pdf
773713,5600EMP,https://mro-host.herokuapp.com/file_download/?name=reelcraft_5000EPDF.pdf
773819,LP83000OLS,https://mro-host.herokuapp.com/file_download/?name=reelcraft_LP80000 TW.pdf
773709,A5800EMP,https://mro-host.herokuapp.com/file_download/?name=reelcraft_5000EPDF.pdf
773811,82000OMP,https://mro-host.herokuapp.com/file_download/?name=reelcraft_80000 OXP TW.pdf
773896,HS18000M,https://mro-host.herokuapp.com/file_download/?name=reelcraft_H16000-2.pdf
773904,H18005M,https://mro-host.herokuapp.com/file_download/?name=reelcraft_H16000-2.pdf
773924,TH7445OMP,https://mro-host.herokuapp.com/file_download/?name=reelcraft_TH7000 SERIES TW.pdf
773884,DP7650OHP,https://mro-host.herokuapp.com/file_download/?name=reelcraft_DP7000 OXP NARROW.pdf
773860,D83075OLP,https://mro-host.herokuapp.com/file_download/?name=reelcraft_D83000 TW.pdf
773807,F83000OLP,https://mro-host.herokuapp.com/file_download/?name=reelcraft_80000 OXP TW.pdf
773439,L5700,https://mro-host.herokuapp.com/file_download/?name=reelcraft_L5700PDF.pdf
773411,L40351631,https://mro-host.herokuapp.com/file_download/?name=reelcraft_L4000PDF.pdf
773455,TW84100OLPT,https://mro-host.herokuapp.com/file_download/?name=reelcraft_TW80000 OLPT TW.pdf
773483,CA38106M,https://mro-host.herokuapp.com/file_download/?name=reelcraft_3X106PDF.pdf
773531,TW7450OLP,https://mro-host.herokuapp.com/file_download/?name=reelcraft_TW7000 SERIES TW.pdf
773567,RT402-OHP,https://mro-host.herokuapp.com/file_download/?name=reelcraft_RT_2_INCH.pdf
773591,RT803-OLB,https://mro-host.herokuapp.com/file_download/?name=reelcraft_RT_2_INCH.pdf
773603,RT625-OMP,https://mro-host.herokuapp.com/file_download/?name=reelcraft_RT_2_INCH.pdf
773715,A5825EMP,https://mro-host.herokuapp.com/file_download/?name=reelcraft_5000EPDF.pdf
773719,5630EMP,https://mro-host.herokuapp.com/file_download/?name=reelcraft_5000EPDF.pdf
773579,RT605-OMP,https://mro-host.herokuapp.com/file_download/?name=reelcraft_RT_2_INCH.pdf
773740,5435OHP,https://mro-host.herokuapp.com/file_download/?name=reelcraft_5005-PDF.pdf
773731,5400OHP,https://mro-host.herokuapp.com/file_download/?name=reelcraft_5000 OXP TW.pdf
773667,EA33112M12D,https://mro-host.herokuapp.com/file_download/?name=reelcraft_EA112PDF.pdf
773735,5600OLP,https://mro-host.herokuapp.com/file_download/?name=reelcraft_5000 OXP TW.pdf
773765,7925OLP,https://mro-host.herokuapp.com/file_download/?name=reelcraft_7000 SERIES OXP TW.pdf
773761,7650OMP,https://mro-host.herokuapp.com/file_download/?name=reelcraft_7000 SERIES OXP TW.pdf
773805,FD83000OLP,https://mro-host.herokuapp.com/file_download/?name=reelcraft_D83000 TW.pdf
773797,81075OHP,https://mro-host.herokuapp.com/file_download/?name=reelcraft_80000 OXP TW.pdf
773810,82000OLP,https://mro-host.herokuapp.com/file_download/?name=reelcraft_80000 OXP TW.pdf
773806,FD84000OLP,https://mro-host.herokuapp.com/file_download/?name=reelcraft_D84000 TW.pdf
773891,DP7600OLP,https://mro-host.herokuapp.com/file_download/?name=reelcraft_DP7000 OXP NARROW.pdf
773883,DP7450OLP,https://mro-host.herokuapp.com/file_download/?name=reelcraft_DP7000 OXP NARROW.pdf
773895,DP7400OLP,https://mro-host.herokuapp.com/file_download/?name=reelcraft_DP7000 OXP NARROW.pdf
773927,TH86000OMP,https://mro-host.herokuapp.com/file_download/?name=reelcraft_TH80000 OMP TW.pdf
773947,82000OMS,https://mro-host.herokuapp.com/file_download/?name=reelcraft_80000 OXP TW.pdf
773887,DP7850OLP,https://mro-host.herokuapp.com/file_download/?name=reelcraft_DP7000 OXP NARROW.pdf
773903,H18000M,https://mro-host.herokuapp.com/file_download/?name=reelcraft_H16000-2.pdf
773951,5600OMS,https://mro-host.herokuapp.com/file_download/?name=reelcraft_5000 OXP TW.pdf
773879,DP5800OMP,https://mro-host.herokuapp.com/file_download/?name=reelcraft_DP5000 OXP NARROW.pdf
773955,5635ELSSW5,https://mro-host.herokuapp.com/file_download/?name=reelcraft_5000EPDF.pdf
773728,5635OLP,https://mro-host.herokuapp.com/file_download/?name=reelcraft_5000 OXP TW.pdf
773722,A5825OMP,https://mro-host.herokuapp.com/file_download/?name=reelcraft_5000 OXP TW.pdf
773568,RT402-OLP,https://mro-host.herokuapp.com/file_download/?name=reelcraft_RT_2_INCH.pdf
773718,5625EHP,https://mro-host.herokuapp.com/file_download/?name=reelcraft_5000EPDF.pdf
773768,7600OHP,https://mro-host.herokuapp.com/file_download/?name=reelcraft_7000 SERIES OXP TW.pdf
773772,7800OMP,https://mro-host.herokuapp.com/file_download/?name=reelcraft_7000 SERIES OXP TW.pdf
773710,5400EHP,https://mro-host.herokuapp.com/file_download/?name=reelcraft_5000EPDF.pdf
773796,F83050OLP,https://mro-host.herokuapp.com/file_download/?name=reelcraft_80000 OXP TW.pdf
773808,81000OHP,https://mro-host.herokuapp.com/file_download/?name=reelcraft_80000 OXP TW.pdf
773759,7650OHP,https://mro-host.herokuapp.com/file_download/?name=reelcraft_7000 SERIES OXP TW.pdf
773804,83050OMP,https://mro-host.herokuapp.com/file_download/?name=reelcraft_80000 OXP TW.pdf
773901,H16000H,https://mro-host.herokuapp.com/file_download/?name=reelcraft_H16000-2.pdf
773881,DP5835OMP,https://mro-host.herokuapp.com/file_download/?name=reelcraft_DP5000 OXP NARROW.pdf
773925,TH86050OMP,https://mro-host.herokuapp.com/file_download/?name=reelcraft_TH80000 OMP TW.pdf
773889,DP7400OHP,https://mro-host.herokuapp.com/file_download/?name=reelcraft_DP7000 OXP NARROW.pdf
773869,DP5400OLP,https://mro-host.herokuapp.com/file_download/?name=reelcraft_DP5000 OXP NARROW.pdf
773921,THA7600OMP,https://mro-host.herokuapp.com/file_download/?name=reelcraft_TH7000 SERIES TW.pdf
773873,DP5600OLP,https://mro-host.herokuapp.com/file_download/?name=reelcraft_DP5000 OXP NARROW.pdf
773905,H19000M,https://mro-host.herokuapp.com/file_download/?name=reelcraft_H16000-2.pdf
2793449,L 5750 103 4,https://mro-host.herokuapp.com/file_download/?name=reelcraft_L5700PDF.pdf
2793469,L 5700,https://mro-host.herokuapp.com/file_download/?name=reelcraft_L5700PDF.pdf
773953,7800OMS,https://mro-host.herokuapp.com/file_download/?name=reelcraft_7000 SERIES OXP TW.pdf
2793405,G 3050,https://mro-host.herokuapp.com/file_download/?name=reelcraft_G3000PDF.pdf
773945,D84000OLS,https://mro-host.herokuapp.com/file_download/?name=reelcraft_D84000 TW.pdf
773949,83000OMS,https://mro-host.herokuapp.com/file_download/?name=reelcraft_80000 OXP TW.pdf
773726,5625OHP,https://mro-host.herokuapp.com/file_download/?name=reelcraft_5000 OXP TW.pdf
773734,5600OHP,https://mro-host.herokuapp.com/file_download/?name=reelcraft_5000 OXP TW.pdf
773812,83000OLP,https://mro-host.herokuapp.com/file_download/?name=reelcraft_80000 OXP TW.pdf
2793457,L 4050 163 X,https://mro-host.herokuapp.com/file_download/?name=reelcraft_L4000PDF.pdf
2208046,5630 EMP,https://mro-host.herokuapp.com/file_download/?name=reelcraft_5000EPDF.pdf
2208002,SD13050 OVP,https://mro-host.herokuapp.com/file_download/?name=reelcraft_SD130002.pdf
2207994,SD13000 OLP,https://mro-host.herokuapp.com/file_download/?name=reelcraft_SD130002.pdf
2208010,SD14050 OVP,https://mro-host.herokuapp.com/file_download/?name=reelcraft_SD140052.pdf
2208050,A5825 ELP,https://mro-host.herokuapp.com/file_download/?name=reelcraft_5000EPDF.pdf
2208058,A5806 OLP,https://mro-host.herokuapp.com/file_download/?name=reelcraft_A5006PDF.pdf
2208090,DP7400 OLP,https://mro-host.herokuapp.com/file_download/?name=reelcraft_DP7000 OXP NARROW.pdf
2208026,5430 OHP,https://mro-host.herokuapp.com/file_download/?name=reelcraft_5000 OXP TW.pdf
2208106,81100 OHP,https://mro-host.herokuapp.com/file_download/?name=reelcraft_80000 OXP TW.pdf
2208062,RT406-OLP,https://mro-host.herokuapp.com/file_download/?name=reelcraft_RT_2_INCH.pdf
2208142,FF9600 OLPBW,https://mro-host.herokuapp.com/file_download/?name=reelcraft_FF95PDF1.pdf
2208190,E9350 OLPBW,https://mro-host.herokuapp.com/file_download/?name=reelcraft_D9300 OLPTW.pdf
2208222,7800 OLB,https://mro-host.herokuapp.com/file_download/?name=reelcraft_7000 SERIES OXP TW.pdf
2208098,DP7650 OMP,https://mro-host.herokuapp.com/file_download/?name=reelcraft_DP7000 OXP NARROW.pdf
2208238,HS18000 M,https://mro-host.herokuapp.com/file_download/?name=reelcraft_H16000-2.pdf
2208182,E9175 OHPBW,https://mro-host.herokuapp.com/file_download/?name=reelcraft_D9300 OLPTW.pdf
2208138,FE9350 OLPBW,https://mro-host.herokuapp.com/file_download/?name=reelcraft_D9300 OLPTW.pdf
2208230,H16000 M,https://mro-host.herokuapp.com/file_download/?name=reelcraft_H16000-2.pdf
2208242,5600 OLS,https://mro-host.herokuapp.com/file_download/?name=reelcraft_5000 OXP TW.pdf
2208134,FD9350 OLPBW,https://mro-host.herokuapp.com/file_download/?name=reelcraft_D9300 OLPTW.pdf
773831,D9399OLPBW,https://mro-host.herokuapp.com/file_download/?name=reelcraft_D9305PDF.pdf
773762,7670OLP,https://mro-host.herokuapp.com/file_download/?name=reelcraft_7000 SERIES OXP TW.pdf
2208250,5635 OLSSW5,https://mro-host.herokuapp.com/file_download/?name=reelcraft_5000 OXP TW.pdf
2793403,TH9265 OMPBW,https://mro-host.herokuapp.com/file_download/?name=reelcraft_D9300 OLPTW.pdf
2793423,CA33112 L,https://mro-host.herokuapp.com/file_download/?name=reelcraft_3X112PDF.pdf
2793479,L 4050 163 8,https://mro-host.herokuapp.com/file_download/?name=reelcraft_L4000PDF.pdf
2793447,L 4545 123 3B,https://mro-host.herokuapp.com/file_download/?name=reelcraft_L4000PDF.pdf
2207972,B5435 OMP,https://mro-host.herokuapp.com/file_download/?name=reelcraft_5000 OXP TW.pdf
2208008,SD14035 OVP,https://mro-host.herokuapp.com/file_download/?name=reelcraft_SD140002.pdf
2208004,SD14000 OVP,https://mro-host.herokuapp.com/file_download/?name=reelcraft_SD140002.pdf
2208040,5400 ELP,https://mro-host.herokuapp.com/file_download/?name=reelcraft_5000EPDF.pdf
2208000,SD13050 OLP,https://mro-host.herokuapp.com/file_download/?name=reelcraft_SD130002.pdf
2793435,EA32112 L12D,https://mro-host.herokuapp.com/file_download/?name=reelcraft_EA112PDF.pdf
2208282,STW3450 OLP,https://mro-host.herokuapp.com/file_download/?name=reelcraft_SREELPDF.pdf
2208258,82000 OMS,https://mro-host.herokuapp.com/file_download/?name=reelcraft_80000 OXP TW.pdf
2208060,A5835 OMP,https://mro-host.herokuapp.com/file_download/?name=reelcraft_A5005PDF.pdf
2208032,5625 OHP,https://mro-host.herokuapp.com/file_download/?name=reelcraft_5000 OXP TW.pdf
2208286,TW7450 OLP,https://mro-host.herokuapp.com/file_download/?name=reelcraft_TW7000 SERIES TW.pdf
2208048,A5800 ELP,https://mro-host.herokuapp.com/file_download/?name=reelcraft_5000EPDF.pdf
2208036,A5800 OMP,https://mro-host.herokuapp.com/file_download/?name=reelcraft_5000 OXP TW.pdf
2208044,5600 EMP,https://mro-host.herokuapp.com/file_download/?name=reelcraft_5000EPDF.pdf
2208370,URD9200 OLBBW70,https://mro-host.herokuapp.com/file_download/?name=reelcraft_D9300 OLPTW.pdf
2208378,D9405 OLPBW,https://mro-host.herokuapp.com/file_download/?name=reelcraft_D9305PDF.pdf
2208294,TW7460 OLPT,https://mro-host.herokuapp.com/file_download/?name=reelcraft_TW7000 SERIES TW.pdf
2208056,A5805 OLP,https://mro-host.herokuapp.com/file_download/?name=reelcraft_A5005PDF.pdf
2208064,7400 OHP,https://mro-host.herokuapp.com/file_download/?name=reelcraft_7000 SERIES OXP TW.pdf
2208096,DP7650 OHP,https://mro-host.herokuapp.com/file_download/?name=reelcraft_DP7000 OXP NARROW.pdf
2208092,DP7450 OLP,https://mro-host.herokuapp.com/file_download/?name=reelcraft_DP7000 OXP NARROW.pdf
2208100,DP7800 OMP,https://mro-host.herokuapp.com/file_download/?name=reelcraft_DP7000 OXP NARROW.pdf
2208374,7600 OMS55,https://mro-host.herokuapp.com/file_download/?name=reelcraft_7000 SERIES OXP TW.pdf
2208104,81000 OLP,https://mro-host.herokuapp.com/file_download/?name=reelcraft_80000 OXP TW.pdf
2208124,TW86075 OLPT,https://mro-host.herokuapp.com/file_download/?name=reelcraft_TW80000 OLPT TW.pdf
2208136,FD9450 OLPBW,https://mro-host.herokuapp.com/file_download/?name=reelcraft_D9300 OLPTW.pdf
2208140,FE9450 OLPBW,https://mro-host.herokuapp.com/file_download/?name=reelcraft_D9300 OLPTW.pdf
2208116,83050 OMP,https://mro-host.herokuapp.com/file_download/?name=reelcraft_80000 OXP TW.pdf
2208212,CA38106 M,https://mro-host.herokuapp.com/file_download/?name=reelcraft_3X106PDF.pdf
2208184,E9200 OMPBW,https://mro-host.herokuapp.com/file_download/?name=reelcraft_D9300 OLPTW.pdf
2208200,TH86000 OMP,https://mro-host.herokuapp.com/file_download/?name=reelcraft_TH80000 OMP TW.pdf
2208220,5600 OLB,https://mro-host.herokuapp.com/file_download/?name=reelcraft_5000 OXP TW.pdf
2208188,E9300 OLPBW,https://mro-host.herokuapp.com/file_download/?name=reelcraft_D9300 OLPTW.pdf
2208216,H18006 M,https://mro-host.herokuapp.com/file_download/?name=reelcraft_H16000-2.pdf
2208192,E9375 OLPBW,https://mro-host.herokuapp.com/file_download/?name=reelcraft_D9300 OLPTW.pdf
2208232,H18005 M,https://mro-host.herokuapp.com/file_download/?name=reelcraft_H16000-2.pdf
2208224,D9400 OLBBW,https://mro-host.herokuapp.com/file_download/?name=reelcraft_D9300 OLPTW.pdf
2208248,5635 ELSSW5,https://mro-host.herokuapp.com/file_download/?name=reelcraft_5000EPDF.pdf
2208356,L55501233B,https://mro-host.herokuapp.com/file_download/?name=reelcraft_L5005PDF.pdf
2208260,83000 OMS,https://mro-host.herokuapp.com/file_download/?name=reelcraft_80000 OXP TW.pdf
2208348,FSD13000 OLP,https://mro-host.herokuapp.com/file_download/?name=reelcraft_SD130002.pdf
2208316,DP5800 OMP,https://mro-host.herokuapp.com/file_download/?name=reelcraft_DP5000 OXP NARROW.pdf
2208364,UR7850 OLB,https://mro-host.herokuapp.com/file_download/?name=reelcraft_7000 SERIES OXP TW.pdf
2208312,DP5635 OHP,https://mro-host.herokuapp.com/file_download/?name=reelcraft_DP5000 OXP NARROW.pdf
2208292,TW7400 OLPT,https://mro-host.herokuapp.com/file_download/?name=reelcraft_TW7000 SERIES TW.pdf
773944,D83000OLS,https://mro-host.herokuapp.com/file_download/?name=reelcraft_D83000 TW.pdf
773952,7800OLS,https://mro-host.herokuapp.com/file_download/?name=reelcraft_7000 SERIES OXP TW.pdf
2208380,E9400 OMPBW,https://mro-host.herokuapp.com/file_download/?name=reelcraft_D9300 OLPTW.pdf
2208372,RT835-OLPSM,https://mro-host.herokuapp.com/file_download/?name=reelcraft_RTSM_2_INCH.pdf
773948,83000OLS,https://mro-host.herokuapp.com/file_download/?name=reelcraft_80000 OXP TW.pdf
773541,A5835OLBSW23,https://mro-host.herokuapp.com/file_download/?name=reelcraft_5000 OXP TW.pdf
2208005,SD14005 OLP,https://mro-host.herokuapp.com/file_download/?name=reelcraft_SD140052.pdf
2207981,B5835 OMP,https://mro-host.herokuapp.com/file_download/?name=reelcraft_A5005PDF.pdf
2208013,UR7925 OLB,https://mro-host.herokuapp.com/file_download/?name=reelcraft_7000 SERIES OXP TW.pdf
2208009,SD14050 OLP,https://mro-host.herokuapp.com/file_download/?name=reelcraft_SD140052.pdf
2208049,A5800 EMP,https://mro-host.herokuapp.com/file_download/?name=reelcraft_5000EPDF.pdf
2208109,82000 OMP,https://mro-host.herokuapp.com/file_download/?name=reelcraft_80000 OXP TW.pdf
2208025,5400 OMP,https://mro-host.herokuapp.com/file_download/?name=reelcraft_5000 OXP TW.pdf
2208141,FF9500 OLPBW,https://mro-host.herokuapp.com/file_download/?name=reelcraft_FF95PDF1.pdf
2208093,DP7600 OHP,https://mro-host.herokuapp.com/file_download/?name=reelcraft_DP7000 OXP NARROW.pdf
2208105,81075 OHP,https://mro-host.herokuapp.com/file_download/?name=reelcraft_80000 OXP TW.pdf
2208053,5435 OHP,https://mro-host.herokuapp.com/file_download/?name=reelcraft_5005-PDF.pdf
2208057,A5805 OMP,https://mro-host.herokuapp.com/file_download/?name=reelcraft_A5005PDF.pdf
2208193,E9400 OLPBW,https://mro-host.herokuapp.com/file_download/?name=reelcraft_D9300 OLPTW.pdf
2208201,TH86050 OMP,https://mro-host.herokuapp.com/file_download/?name=reelcraft_TH80000 OMP TW.pdf
2208233,H19000 M,https://mro-host.herokuapp.com/file_download/?name=reelcraft_H16000-2.pdf
2208221,7600 OLB,https://mro-host.herokuapp.com/file_download/?name=reelcraft_7000 SERIES OXP TW.pdf
2208229,H16000 H,https://mro-host.herokuapp.com/file_download/?name=reelcraft_H16000-2.pdf
2208189,E9300 OMPBW,https://mro-host.herokuapp.com/file_download/?name=reelcraft_D9300 OLPTW.pdf
2208121,TW84000 OLPT,https://mro-host.herokuapp.com/file_download/?name=reelcraft_TW80000 OLPT TW.pdf
2208205,THA7630 OMP,https://mro-host.herokuapp.com/file_download/?name=reelcraft_TH7000 SERIES TW.pdf
2208245,7800 OMS,https://mro-host.herokuapp.com/file_download/?name=reelcraft_7000 SERIES OXP TW.pdf
2208129,FD83000 OLP,https://mro-host.herokuapp.com/file_download/?name=reelcraft_D83000 TW.pdf
2208313,DP5635 OLP,https://mro-host.herokuapp.com/file_download/?name=reelcraft_DP5000 OXP NARROW.pdf
2208285,TW7400 OLP,https://mro-host.herokuapp.com/file_download/?name=reelcraft_TW7000 SERIES TW.pdf
2208329,5600 OMS-S,https://mro-host.herokuapp.com/file_download/?name=reelcraft_5000 OXP TW.pdf
2208257,82000 OLS,https://mro-host.herokuapp.com/file_download/?name=reelcraft_80000 OXP TW.pdf
2208341,7800 OMS-S,https://mro-host.herokuapp.com/file_download/?name=reelcraft_7000 SERIES OXP TW.pdf
773813,83000OMP,https://mro-host.herokuapp.com/file_download/?name=reelcraft_80000 OXP TW.pdf
2208361,UR7800 OLB,https://mro-host.herokuapp.com/file_download/?name=reelcraft_7000 SERIES OXP TW.pdf
773862,D83000OLP,https://mro-host.herokuapp.com/file_download/?name=reelcraft_D83000 TW.pdf
773922,THA7630OMP,https://mro-host.herokuapp.com/file_download/?name=reelcraft_TH7000 SERIES TW.pdf
773926,TH88050OMP,https://mro-host.herokuapp.com/file_download/?name=reelcraft_TH80000 OMP TW.pdf
773878,DP5800OLP,https://mro-host.herokuapp.com/file_download/?name=reelcraft_DP5000 OXP NARROW.pdf
773950,5600OLS,https://mro-host.herokuapp.com/file_download/?name=reelcraft_5000 OXP TW.pdf
2793406,G 3050 Y,https://mro-host.herokuapp.com/file_download/?name=reelcraft_G3000PDF.pdf
773874,DP5605OLP,https://mro-host.herokuapp.com/file_download/?name=reelcraft_DP5000 OXP NARROW.pdf
773886,DP7650OMP,https://mro-host.herokuapp.com/file_download/?name=reelcraft_DP7000 OXP NARROW.pdf
2793458,L 4545 123 X,https://mro-host.herokuapp.com/file_download/?name=reelcraft_L4000PDF.pdf
773946,82000OLS,https://mro-host.herokuapp.com/file_download/?name=reelcraft_80000 OXP TW.pdf
773809,81000OLP,https://mro-host.herokuapp.com/file_download/?name=reelcraft_80000 OXP TW.pdf
2793418,CA32118 M,https://mro-host.herokuapp.com/file_download/?name=reelcraft_3X118PDF.pdf
2793402,TH9200 OMPBW,https://mro-host.herokuapp.com/file_download/?name=reelcraft_D9300 OLPTW.pdf
773773,7900OLP,https://mro-host.herokuapp.com/file_download/?name=reelcraft_7000 SERIES OXP TW.pdf
2793474,L 4050 162 2,https://mro-host.herokuapp.com/file_download/?name=reelcraft_L4000PDF.pdf
2207999,SD13035 OVP,https://mro-host.herokuapp.com/file_download/?name=reelcraft_SD130002.pdf
2208003,SD14000 OLP,https://mro-host.herokuapp.com/file_download/?name=reelcraft_SD140002.pdf
2208039,5400 EHP,https://mro-host.herokuapp.com/file_download/?name=reelcraft_5000EPDF.pdf
2208027,5435 OMP,https://mro-host.herokuapp.com/file_download/?name=reelcraft_5000 OXP TW.pdf
2208047,5635 ELP,https://mro-host.herokuapp.com/file_download/?name=reelcraft_5000EPDF.pdf
2208015,URD9350 OLBBW70,https://mro-host.herokuapp.com/file_download/?name=reelcraft_D9300 OLPTW.pdf
2208075,7650 OMP,https://mro-host.herokuapp.com/file_download/?name=reelcraft_7000 SERIES OXP TW.pdf
2208023,5400 OHP,https://mro-host.herokuapp.com/file_download/?name=reelcraft_5000 OXP TW.pdf
2208095,DP7600 OMP,https://mro-host.herokuapp.com/file_download/?name=reelcraft_DP7000 OXP NARROW.pdf
2208011,UR7830 OLB70,https://mro-host.herokuapp.com/file_download/?name=reelcraft_7000 SERIES OXP TW.pdf
2208139,FE9400 OLPBW,https://mro-host.herokuapp.com/file_download/?name=reelcraft_D9300 OLPTW.pdf
2208119,D84000 OLP,https://mro-host.herokuapp.com/file_download/?name=reelcraft_D84000 TW.pdf
2208031,5600 OMP,https://mro-host.herokuapp.com/file_download/?name=reelcraft_5000 OXP TW.pdf
2208191,E9350 OMPBW,https://mro-host.herokuapp.com/file_download/?name=reelcraft_D9300 OLPTW.pdf
2208043,5600 ELP,https://mro-host.herokuapp.com/file_download/?name=reelcraft_5000EPDF.pdf
2208227,SHA3850 OLP,https://mro-host.herokuapp.com/file_download/?name=reelcraft_SREELPDF.pdf
2208247,5635 ELPSW5,https://mro-host.herokuapp.com/file_download/?name=reelcraft_5000EPDF.pdf
2208091,DP7450 OHP,https://mro-host.herokuapp.com/file_download/?name=reelcraft_DP7000 OXP NARROW.pdf
2208203,TH88050 OMP,https://mro-host.herokuapp.com/file_download/?name=reelcraft_TH80000 OMP TW.pdf
2208199,TH7445 OMP,https://mro-host.herokuapp.com/file_download/?name=reelcraft_TH7000 SERIES TW.pdf
2208315,DP5800 OLP,https://mro-host.herokuapp.com/file_download/?name=reelcraft_DP5000 OXP NARROW.pdf
2208386,82000 OMS-S,https://mro-host.herokuapp.com/file_download/?name=reelcraft_80000 OXP TW.pdf
2208311,DP5605 OLP,https://mro-host.herokuapp.com/file_download/?name=reelcraft_DP5000 OXP NARROW.pdf
773426,L4050A1635,https://mro-host.herokuapp.com/file_download/?name=reelcraft_L4000PDF.pdf
773422,L45451233,https://mro-host.herokuapp.com/file_download/?name=reelcraft_L4000PDF.pdf
2208351,L403516310,https://mro-host.herokuapp.com/file_download/?name=reelcraft_L4000PDF.pdf
773438,L5400,https://mro-host.herokuapp.com/file_download/?name=reelcraft_L5000PDF.pdf
773430,L40501638,https://mro-host.herokuapp.com/file_download/?name=reelcraft_L4000PDF.pdf
773434,L5550123X,https://mro-host.herokuapp.com/file_download/?name=reelcraft_L5005PDF.pdf
773582,RT803-OLP,https://mro-host.herokuapp.com/file_download/?name=reelcraft_RT_2_INCH.pdf
773594,RT425-OHP,https://mro-host.herokuapp.com/file_download/?name=reelcraft_RT_2_INCH.pdf
773618,SGA3650OLP,https://mro-host.herokuapp.com/file_download/?name=reelcraft_SREELPDF.pdf
773546,7800OLB,https://mro-host.herokuapp.com/file_download/?name=reelcraft_7000 SERIES OXP TW.pdf
773674,CA30106L,https://mro-host.herokuapp.com/file_download/?name=reelcraft_3X106PDF.pdf
773570,RT403-OLP,https://mro-host.herokuapp.com/file_download/?name=reelcraft_RT_2_INCH.pdf
773694,CA33118M,https://mro-host.herokuapp.com/file_download/?name=reelcraft_3X118PDF.pdf
773738,A5835OMP,https://mro-host.herokuapp.com/file_download/?name=reelcraft_A5005PDF.pdf
773743,A5805OMP,https://mro-host.herokuapp.com/file_download/?name=reelcraft_A5005PDF.pdf
773686,CA32118L,https://mro-host.herokuapp.com/file_download/?name=reelcraft_3X118PDF.pdf
773714,A5825ELP,https://mro-host.herokuapp.com/file_download/?name=reelcraft_5000EPDF.pdf
773730,A5800OMP,https://mro-host.herokuapp.com/file_download/?name=reelcraft_5000 OXP TW.pdf
773682,CA32106L,https://mro-host.herokuapp.com/file_download/?name=reelcraft_3X106PDF.pdf
773885,DP7650OLP,https://mro-host.herokuapp.com/file_download/?name=reelcraft_DP7000 OXP NARROW.pdf
773816,LP82000OLP,https://mro-host.herokuapp.com/file_download/?name=reelcraft_LP80000 TW.pdf
773678,CA30128L,https://mro-host.herokuapp.com/file_download/?name=reelcraft_3X128PDF.pdf
773272,L4545123X,https://mro-host.herokuapp.com/file_download/?name=reelcraft_L4000PDF.pdf
773861,D84050OLP,https://mro-host.herokuapp.com/file_download/?name=reelcraft_D84000 TW.pdf
2208388,83000 OMS-S,https://mro-host.herokuapp.com/file_download/?name=reelcraft_80000 OXP TW.pdf
773897,HS19000M,https://mro-host.herokuapp.com/file_download/?name=reelcraft_H16000-2.pdf
773893,DP7800OLP,https://mro-host.herokuapp.com/file_download/?name=reelcraft_DP7000 OXP NARROW.pdf
773666,EA33112L12D,https://mro-host.herokuapp.com/file_download/?name=reelcraft_EA112PDF.pdf
773662,EA32112L12D,https://mro-host.herokuapp.com/file_download/?name=reelcraft_EA112PDF.pdf
773428,L40501631,https://mro-host.herokuapp.com/file_download/?name=reelcraft_L4000PDF.pdf
773432,L55501233,https://mro-host.herokuapp.com/file_download/?name=reelcraft_L5005PDF.pdf
773436,L5750103X,https://mro-host.herokuapp.com/file_download/?name=reelcraft_L5700PDF.pdf
773424,L4500,https://mro-host.herokuapp.com/file_download/?name=reelcraft_L4000PDF.pdf
773592,RT805-OLB,https://mro-host.herokuapp.com/file_download/?name=reelcraft_RT_2_INCH.pdf
773600,RT605-OHP,https://mro-host.herokuapp.com/file_download/?name=reelcraft_RT_2_INCH.pdf
773552,4625OLPSW5,https://mro-host.herokuapp.com/file_download/?name=reelcraft_4000 OXP TW.pdf
773604,RT635-OHP,https://mro-host.herokuapp.com/file_download/?name=reelcraft_RT_2_INCH.pdf
773596,RT435-OHP,https://mro-host.herokuapp.com/file_download/?name=reelcraft_RT_2_INCH.pdf
773576,RT603-OLP,https://mro-host.herokuapp.com/file_download/?name=reelcraft_RT_2_INCH.pdf
773684,CA32112L,https://mro-host.herokuapp.com/file_download/?name=reelcraft_3X112PDF.pdf
773612,RT825-OMP,https://mro-host.herokuapp.com/file_download/?name=reelcraft_RT_2_INCH.pdf
773802,82100OLP,https://mro-host.herokuapp.com/file_download/?name=reelcraft_80000 OXP TW.pdf
773588,RT603-OLB,https://mro-host.herokuapp.com/file_download/?name=reelcraft_RT_2_INCH.pdf
773680,CA33122L,https://mro-host.herokuapp.com/file_download/?name=reelcraft_3X122PDF.pdf
773814,LPD84000OLP,https://mro-host.herokuapp.com/file_download/?name=reelcraft_LPD84000 TW.pdf
773798,81100OHP,https://mro-host.herokuapp.com/file_download/?name=reelcraft_80000 OXP TW.pdf
773871,DP5450OLP,https://mro-host.herokuapp.com/file_download/?name=reelcraft_DP5000 OXP NARROW.pdf
773794,FD83075OLP,https://mro-host.herokuapp.com/file_download/?name=reelcraft_D83000 TW.pdf
773818,LP83000OLP,https://mro-host.herokuapp.com/file_download/?name=reelcraft_LP80000 TW.pdf
773875,DP5635OHP,https://mro-host.herokuapp.com/file_download/?name=reelcraft_DP5000 OXP NARROW.pdf
2208365,UR7850 OLB70,https://mro-host.herokuapp.com/file_download/?name=reelcraft_7000 SERIES OXP TW.pdf
2208385,82000 OLS-S,https://mro-host.herokuapp.com/file_download/?name=reelcraft_80000 OXP TW.pdf
773648,EA32112M12D,https://mro-host.herokuapp.com/file_download/?name=reelcraft_EA112PDF.pdf
2208389,D84000 OLS-S,https://mro-host.herokuapp.com/file_download/?name=reelcraft_D84000 TW.pdf
773425,L5500,https://mro-host.herokuapp.com/file_download/?name=reelcraft_L5005PDF.pdf
773413,L40351638,https://mro-host.herokuapp.com/file_download/?name=reelcraft_L4000PDF.pdf
773433,L55501237,https://mro-host.herokuapp.com/file_download/?name=reelcraft_L5005PDF.pdf
773429,L40501633,https://mro-host.herokuapp.com/file_download/?name=reelcraft_L4000PDF.pdf
773437,L5000,https://mro-host.herokuapp.com/file_download/?name=reelcraft_L5000PDF.pdf
773668,EA33112M24D,https://mro-host.herokuapp.com/file_download/?name=reelcraft_EA112PDF.pdf
773553,5635ELPSW5,https://mro-host.herokuapp.com/file_download/?name=reelcraft_5000EPDF.pdf
773557,PW7650OHP,https://mro-host.herokuapp.com/file_download/?name=reelcraft_7000 SERIES OXP TW.pdf
773577,RT603-OMP,https://mro-host.herokuapp.com/file_download/?name=reelcraft_RT_2_INCH.pdf
773569,RT403-OHP,https://mro-host.herokuapp.com/file_download/?name=reelcraft_RT_2_INCH.pdf
773585,RT403-OLB,https://mro-host.herokuapp.com/file_download/?name=reelcraft_RT_2_INCH.pdf
773573,RT602-OLP,https://mro-host.herokuapp.com/file_download/?name=reelcraft_RT_2_INCH.pdf
773589,RT605-OLB,https://mro-host.herokuapp.com/file_download/?name=reelcraft_RT_2_INCH.pdf
773629,G3050N,https://mro-host.herokuapp.com/file_download/?name=reelcraft_G3000PDF.pdf
773609,RT650-OMP,https://mro-host.herokuapp.com/file_download/?name=reelcraft_RT_2_INCH.pdf
773593,RT650-OLPSM,https://mro-host.herokuapp.com/file_download/?name=reelcraft_RTSM_2_INCH.pdf
773677,CA30122L,https://mro-host.herokuapp.com/file_download/?name=reelcraft_3X122PDF.pdf
773693,CA33118L,https://mro-host.herokuapp.com/file_download/?name=reelcraft_3X118PDF.pdf
773742,A5805OLP,https://mro-host.herokuapp.com/file_download/?name=reelcraft_A5005PDF.pdf
773601,RT625-OHP,https://mro-host.herokuapp.com/file_download/?name=reelcraft_RT_2_INCH.pdf
773725,5450OLP,https://mro-host.herokuapp.com/file_download/?name=reelcraft_5000 OXP TW.pdf
773681,CA33128L,https://mro-host.herokuapp.com/file_download/?name=reelcraft_3X128PDF.pdf
773733,5400OMP,https://mro-host.herokuapp.com/file_download/?name=reelcraft_5000 OXP TW.pdf
773758,F7925OLP,https://mro-host.herokuapp.com/file_download/?name=reelcraft_7000 SERIES OXP TW.pdf
773746,5605OLP,https://mro-host.herokuapp.com/file_download/?name=reelcraft_5005-PDF.pdf
773815,LPD84000OLS,https://mro-host.herokuapp.com/file_download/?name=reelcraft_LPD84000 TW.pdf
773771,7800OLP,https://mro-host.herokuapp.com/file_download/?name=reelcraft_7000 SERIES OXP TW.pdf
773872,DP5600OHP,https://mro-host.herokuapp.com/file_download/?name=reelcraft_DP5000 OXP NARROW.pdf
773892,DP7600OMP,https://mro-host.herokuapp.com/file_download/?name=reelcraft_DP7000 OXP NARROW.pdf
773880,DP5835OLP,https://mro-host.herokuapp.com/file_download/?name=reelcraft_DP5000 OXP NARROW.pdf
773888,DP7850OMP,https://mro-host.herokuapp.com/file_download/?name=reelcraft_DP7000 OXP NARROW.pdf
773928,TH88000OMP,https://mro-host.herokuapp.com/file_download/?name=reelcraft_TH80000 OMP TW.pdf
2208387,83000 OLS-S,https://mro-host.herokuapp.com/file_download/?name=reelcraft_80000 OXP TW.pdf
773912,H18005,https://mro-host.herokuapp.com/file_download/?name=reelcraft_H16000-2.pdf
773419,L45451233A,https://mro-host.herokuapp.com/file_download/?name=reelcraft_L4000PDF.pdf
773423,L45451237,https://mro-host.herokuapp.com/file_download/?name=reelcraft_L4000PDF.pdf
2208371,URD9300 OLBBW70,https://mro-host.herokuapp.com/file_download/?name=reelcraft_D9300 OLPTW.pdf
773283,EA38112M12D,https://mro-host.herokuapp.com/file_download/?name=reelcraft_EA112PDF.pdf
773427,L40501622,https://mro-host.herokuapp.com/file_download/?name=reelcraft_L4000PDF.pdf
773435,L57501034,https://mro-host.herokuapp.com/file_download/?name=reelcraft_L5700PDF.pdf
773431,L4050163X,https://mro-host.herokuapp.com/file_download/?name=reelcraft_L4000PDF.pdf
773459,TW7460OLPT,https://mro-host.herokuapp.com/file_download/?name=reelcraft_TW7000 SERIES TW.pdf
773415,L4000,https://mro-host.herokuapp.com/file_download/?name=reelcraft_L4000PDF.pdf
773571,RT405-OLP,https://mro-host.herokuapp.com/file_download/?name=reelcraft_RT_2_INCH.pdf
773599,RT465-OLP,https://mro-host.herokuapp.com/file_download/?name=reelcraft_RT_2_INCH.pdf
773607,RT650-OHP,https://mro-host.herokuapp.com/file_download/?name=reelcraft_RT_2_INCH.pdf
773587,RT602-OLB,https://mro-host.herokuapp.com/file_download/?name=reelcraft_RT_2_INCH.pdf
773619,SGA3850OLP,https://mro-host.herokuapp.com/file_download/?name=reelcraft_SREELPDF.pdf
773683,CA32106M,https://mro-host.herokuapp.com/file_download/?name=reelcraft_3X106PDF.pdf
773631,G3050,https://mro-host.herokuapp.com/file_download/?name=reelcraft_G3000PDF.pdf
773675,CA30112L,https://mro-host.herokuapp.com/file_download/?name=reelcraft_3X112PDF.pdf
773583,RT803-OMP,https://mro-host.herokuapp.com/file_download/?name=reelcraft_RT_2_INCH.pdf
773687,CA32118M,https://mro-host.herokuapp.com/file_download/?name=reelcraft_3X118PDF.pdf
773744,A5806OLP,https://mro-host.herokuapp.com/file_download/?name=reelcraft_A5006PDF.pdf
773711,5400ELP,https://mro-host.herokuapp.com/file_download/?name=reelcraft_5000EPDF.pdf
773679,CA33106M,https://mro-host.herokuapp.com/file_download/?name=reelcraft_3X106PDF.pdf
773575,RT603-OHP,https://mro-host.herokuapp.com/file_download/?name=reelcraft_RT_2_INCH.pdf
773769,7600OLP,https://mro-host.herokuapp.com/file_download/?name=reelcraft_7000 SERIES OXP TW.pdf
773890,DP7600OHP,https://mro-host.herokuapp.com/file_download/?name=reelcraft_DP7000 OXP NARROW.pdf
773727,5630OMP,https://mro-host.herokuapp.com/file_download/?name=reelcraft_5000 OXP TW.pdf
773894,DP7800OMP,https://mro-host.herokuapp.com/file_download/?name=reelcraft_DP7000 OXP NARROW.pdf
773817,LP82000OLS,https://mro-host.herokuapp.com/file_download/?name=reelcraft_LP80000 TW.pdf
773882,DP7450OHP,https://mro-host.herokuapp.com/file_download/?name=reelcraft_DP7000 OXP NARROW.pdf
773902,H16000M,https://mro-host.herokuapp.com/file_download/?name=reelcraft_H16000-2.pdf
773723,5430OHP,https://mro-host.herokuapp.com/file_download/?name=reelcraft_5000 OXP TW.pdf
773870,DP5435OLP,https://mro-host.herokuapp.com/file_download/?name=reelcraft_DP5000 OXP NARROW.pdf
773801,82075OMP,https://mro-host.herokuapp.com/file_download/?name=reelcraft_80000 OXP TW.pdf
2793407,G 3050 N,https://mro-host.herokuapp.com/file_download/?name=reelcraft_G3000PDF.pdf
2793415,CA32112 L,https://mro-host.herokuapp.com/file_download/?name=reelcraft_3X112PDF.pdf
2793451,L 4545 123 7A,https://mro-host.herokuapp.com/file_download/?name=reelcraft_L4000PDF.pdf
2793443,L 4545 123 3,https://mro-host.herokuapp.com/file_download/?name=reelcraft_L4000PDF.pdf
2793463,L 4000,https://mro-host.herokuapp.com/file_download/?name=reelcraft_L4000PDF.pdf
2793455,L 4545 123 9,https://mro-host.herokuapp.com/file_download/?name=reelcraft_L4000PDF.pdf
2793427,CA33122 L,https://mro-host.herokuapp.com/file_download/?name=reelcraft_3X122PDF.pdf
2793459,L 5550 123 X,https://mro-host.herokuapp.com/file_download/?name=reelcraft_L5005PDF.pdf
2793417,CA32118 L,https://mro-host.herokuapp.com/file_download/?name=reelcraft_3X118PDF.pdf
2793461,L 5550 124 X,https://mro-host.herokuapp.com/file_download/?name=reelcraft_L5005PDF.pdf
2793445,L 4545 123 3A,https://mro-host.herokuapp.com/file_download/?name=reelcraft_L4000PDF.pdf
2207998,SD13035 OMP,https://mro-host.herokuapp.com/file_download/?name=reelcraft_SD130002.pdf
2207978,B5825 OLP,https://mro-host.herokuapp.com/file_download/?name=reelcraft_5000 OXP TW.pdf
2793453,L 5550 123 7,https://mro-host.herokuapp.com/file_download/?name=reelcraft_L5005PDF.pdf
2207982,B5850 OLP,https://mro-host.herokuapp.com/file_download/?name=reelcraft_A5006PDF.pdf
2207990,FSD13035 OLP,https://mro-host.herokuapp.com/file_download/?name=reelcraft_SD130002.pdf
2208038,A5825 OMP,https://mro-host.herokuapp.com/file_download/?name=reelcraft_5000 OXP TW.pdf
2208030,5600 OLP,https://mro-host.herokuapp.com/file_download/?name=reelcraft_5000 OXP TW.pdf
2208034,5635 OLP,https://mro-host.herokuapp.com/file_download/?name=reelcraft_5000 OXP TW.pdf
2208042,5450 ELP,https://mro-host.herokuapp.com/file_download/?name=reelcraft_5000EPDF.pdf
2208054,5605 OLP,https://mro-host.herokuapp.com/file_download/?name=reelcraft_5005-PDF.pdf
2208070,7600 OMP,https://mro-host.herokuapp.com/file_download/?name=reelcraft_7000 SERIES OXP TW.pdf
2208074,7650 OLP,https://mro-host.herokuapp.com/file_download/?name=reelcraft_7000 SERIES OXP TW.pdf
2208102,DP7850 OMP,https://mro-host.herokuapp.com/file_download/?name=reelcraft_DP7000 OXP NARROW.pdf
2208086,7850 OMP,https://mro-host.herokuapp.com/file_download/?name=reelcraft_7000 SERIES OXP TW.pdf
2208110,82075 OLP,https://mro-host.herokuapp.com/file_download/?name=reelcraft_80000 OXP TW.pdf
2208094,DP7600 OLP,https://mro-host.herokuapp.com/file_download/?name=reelcraft_DP7000 OXP NARROW.pdf
2208122,TW84100 OLPT,https://mro-host.herokuapp.com/file_download/?name=reelcraft_TW80000 OLPT TW.pdf
2208126,F7925 OLP,https://mro-host.herokuapp.com/file_download/?name=reelcraft_7000 SERIES OXP TW.pdf
2208118,D83075 OLP,https://mro-host.herokuapp.com/file_download/?name=reelcraft_D83000 TW.pdf
2208178,D9399 OLPBW,https://mro-host.herokuapp.com/file_download/?name=reelcraft_D9305PDF.pdf
2208130,FD83075 OLP,https://mro-host.herokuapp.com/file_download/?name=reelcraft_D83000 TW.pdf
2208202,TH88000 OMP,https://mro-host.herokuapp.com/file_download/?name=reelcraft_TH80000 OMP TW.pdf
2208114,83000 OMP,https://mro-host.herokuapp.com/file_download/?name=reelcraft_80000 OXP TW.pdf
2208226,SGA3850 OLP,https://mro-host.herokuapp.com/file_download/?name=reelcraft_SREELPDF.pdf
2208194,E9450 OLPBW,https://mro-host.herokuapp.com/file_download/?name=reelcraft_D9300 OLPTW.pdf
2208314,DP5650 OLP,https://mro-host.herokuapp.com/file_download/?name=reelcraft_DP5000 OXP NARROW.pdf
2208354,L45451239,https://mro-host.herokuapp.com/file_download/?name=reelcraft_L4000PDF.pdf
2208350,FSD14005 OLP,https://mro-host.herokuapp.com/file_download/?name=reelcraft_SD140052.pdf
2208218,PW7650 OHP,https://mro-host.herokuapp.com/file_download/?name=reelcraft_7000 SERIES OXP TW.pdf
2208262,D84000 OLS,https://mro-host.herokuapp.com/file_download/?name=reelcraft_D84000 TW.pdf
2208198,TH7400 OMP,https://mro-host.herokuapp.com/file_download/?name=reelcraft_TH7000 SERIES TW.pdf
2208246,4625 OLPSW5,https://mro-host.herokuapp.com/file_download/?name=reelcraft_4000 OXP TW.pdf
2207992,FSD14035 OLP,https://mro-host.herokuapp.com/file_download/?name=reelcraft_SD140002.pdf
2207976,B5635 OLP,https://mro-host.herokuapp.com/file_download/?name=reelcraft_5000 OXP TW.pdf
2208306,DP5400 OLP,https://mro-host.herokuapp.com/file_download/?name=reelcraft_DP5000 OXP NARROW.pdf
2208024,5400 OLP,https://mro-host.herokuapp.com/file_download/?name=reelcraft_5000 OXP TW.pdf
2208088,7925 OLP,https://mro-host.herokuapp.com/file_download/?name=reelcraft_7000 SERIES OXP TW.pdf
2208028,5450 OLP,https://mro-host.herokuapp.com/file_download/?name=reelcraft_5000 OXP TW.pdf
2208080,7800 OLP,https://mro-host.herokuapp.com/file_download/?name=reelcraft_7000 SERIES OXP TW.pdf
2208084,7850 OLP,https://mro-host.herokuapp.com/file_download/?name=reelcraft_7000 SERIES OXP TW.pdf
2208108,82000 OLP,https://mro-host.herokuapp.com/file_download/?name=reelcraft_80000 OXP TW.pdf
2208132,FD84050 OLP,https://mro-host.herokuapp.com/file_download/?name=reelcraft_D84000 TW.pdf
2208112,82100 OLP,https://mro-host.herokuapp.com/file_download/?name=reelcraft_80000 OXP TW.pdf
2208228,SWA3850 OLP,https://mro-host.herokuapp.com/file_download/?name=reelcraft_SREELPDF.pdf
2208264,SCA3850 OLP,https://mro-host.herokuapp.com/file_download/?name=reelcraft_SREELPDF.pdf
2208204,THA7600 OMP,https://mro-host.herokuapp.com/file_download/?name=reelcraft_TH7000 SERIES TW.pdf
2208256,A5835 OLBSW23,https://mro-host.herokuapp.com/file_download/?name=reelcraft_5000 OXP TW.pdf
2208244,7800 OLS,https://mro-host.herokuapp.com/file_download/?name=reelcraft_7000 SERIES OXP TW.pdf
2208128,F83050 OLP,https://mro-host.herokuapp.com/file_download/?name=reelcraft_80000 OXP TW.pdf
2208120,D84050 OLP,https://mro-host.herokuapp.com/file_download/?name=reelcraft_D84000 TW.pdf
2208328,5600 OLS-S,https://mro-host.herokuapp.com/file_download/?name=reelcraft_5000 OXP TW.pdf
2208390,L45451237B,https://mro-host.herokuapp.com/file_download/?name=reelcraft_L4000PDF.pdf
2208366,UR7900 OLB,https://mro-host.herokuapp.com/file_download/?name=reelcraft_7000 SERIES OXP TW.pdf
773390,CA30112-CS,https://mro-host.herokuapp.com/file_download/?name=reelcraft_CA301122.pdf
2208308,DP5450 OLP,https://mro-host.herokuapp.com/file_download/?name=reelcraft_DP5000 OXP NARROW.pdf
773578,RT605-OLP,https://mro-host.herokuapp.com/file_download/?name=reelcraft_RT_2_INCH.pdf
773598,RT450-OLP,https://mro-host.herokuapp.com/file_download/?name=reelcraft_RT_2_INCH.pdf
773610,RT805-OLP,https://mro-host.herokuapp.com/file_download/?name=reelcraft_RT_2_INCH.pdf
773614,RT835-OMP,https://mro-host.herokuapp.com/file_download/?name=reelcraft_RT_2_INCH.pdf
773764,7850OMP,https://mro-host.herokuapp.com/file_download/?name=reelcraft_7000 SERIES OXP TW.pdf
773690,CA33106L,https://mro-host.herokuapp.com/file_download/?name=reelcraft_3X106PDF.pdf
2208352,L405016310,https://mro-host.herokuapp.com/file_download/?name=reelcraft_L4000PDF.pdf
773800,82075OLP,https://mro-host.herokuapp.com/file_download/?name=reelcraft_80000 OXP TW.pdf
773877,DP5650OLP,https://mro-host.herokuapp.com/file_download/?name=reelcraft_DP5000 OXP NARROW.pdf
773602,RT625-OLP,https://mro-host.herokuapp.com/file_download/?name=reelcraft_RT_2_INCH.pdf
2208376,7850 OLPSW57,https://mro-host.herokuapp.com/file_download/?name=reelcraft_7000 SERIES OXP TW.pdf
773913,H19000,https://mro-host.herokuapp.com/file_download/?name=reelcraft_H16000-2.pdf
773412,L40351633,https://mro-host.herokuapp.com/file_download/?name=reelcraft_L4000PDF.pdf
2208340,7800 OLS-S,https://mro-host.herokuapp.com/file_download/?name=reelcraft_7000 SERIES OXP TW.pdf
773484,CA38112M,https://mro-host.herokuapp.com/file_download/?name=reelcraft_3X112PDF.pdf
773692,CA33112M,https://mro-host.herokuapp.com/file_download/?name=reelcraft_3X112PDF.pdf
773863,D84000OLP,https://mro-host.herokuapp.com/file_download/?name=reelcraft_D84000 TW.pdf
773608,RT650-OLP,https://mro-host.herokuapp.com/file_download/?name=reelcraft_RT_2_INCH.pdf
773911,H18000,https://mro-host.herokuapp.com/file_download/?name=reelcraft_H16000-2.pdf
773923,TH7400OMP,https://mro-host.herokuapp.com/file_download/?name=reelcraft_TH7000 SERIES TW.pdf
773956,5635OLSSW5,https://mro-host.herokuapp.com/file_download/?name=reelcraft_5000 OXP TW.pdf
773997,WC7000,https://mro-host.herokuapp.com/file_download/?name=reelcraft_WC7000-2.pdf
2793448,L 5550 123 3B,https://mro-host.herokuapp.com/file_download/?name=reelcraft_L5005PDF.pdf
773766,F7900OLP,https://mro-host.herokuapp.com/file_download/?name=reelcraft_7000 SERIES OXP TW.pdf
2793452,L 4545 123 7B,https://mro-host.herokuapp.com/file_download/?name=reelcraft_L4000PDF.pdf
2207977,B5650 OLP,https://mro-host.herokuapp.com/file_download/?name=reelcraft_5005-PDF.pdf
2793456,L 4545 123 9G,https://mro-host.herokuapp.com/file_download/?name=reelcraft_L4000PDF.pdf
2207989,FD84035 OLP,https://mro-host.herokuapp.com/file_download/?name=reelcraft_D84000 TW.pdf
2207993,FSD14050 OLP,https://mro-host.herokuapp.com/file_download/?name=reelcraft_SD140052.pdf
2207997,SD13035 OLP,https://mro-host.herokuapp.com/file_download/?name=reelcraft_SD130002.pdf
2793444,L 5550 123 3,https://mro-host.herokuapp.com/file_download/?name=reelcraft_L5005PDF.pdf
2208033,5630 OMP,https://mro-host.herokuapp.com/file_download/?name=reelcraft_5000 OXP TW.pdf
2793428,CA33128 L,https://mro-host.herokuapp.com/file_download/?name=reelcraft_3X128PDF.pdf
2208061,A5850 OLP,https://mro-host.herokuapp.com/file_download/?name=reelcraft_A5006PDF.pdf
2208045,5625 EHP,https://mro-host.herokuapp.com/file_download/?name=reelcraft_5000EPDF.pdf
2208069,7600 OLP,https://mro-host.herokuapp.com/file_download/?name=reelcraft_7000 SERIES OXP TW.pdf
2208037,A5825 OLP,https://mro-host.herokuapp.com/file_download/?name=reelcraft_5000 OXP TW.pdf
2208085,7850 OLP121,https://mro-host.herokuapp.com/file_download/?name=reelcraft_7000 SERIES OXP TW.pdf
2208073,7650 OHP,https://mro-host.herokuapp.com/file_download/?name=reelcraft_7000 SERIES OXP TW.pdf
2208077,7670 OLP,https://mro-host.herokuapp.com/file_download/?name=reelcraft_7000 SERIES OXP TW.pdf
2208125,F7900 OLP,https://mro-host.herokuapp.com/file_download/?name=reelcraft_7000 SERIES OXP TW.pdf
2208097,DP7650 OLP,https://mro-host.herokuapp.com/file_download/?name=reelcraft_DP7000 OXP NARROW.pdf
2208101,DP7850 OLP,https://mro-host.herokuapp.com/file_download/?name=reelcraft_DP7000 OXP NARROW.pdf
2208113,83000 OLP,https://mro-host.herokuapp.com/file_download/?name=reelcraft_80000 OXP TW.pdf
2208265,SGA3665 OLP,https://mro-host.herokuapp.com/file_download/?name=reelcraft_SREELPDF.pdf
2208081,7800 OMP,https://mro-host.herokuapp.com/file_download/?name=reelcraft_7000 SERIES OXP TW.pdf
2208213,CA38112 M,https://mro-host.herokuapp.com/file_download/?name=reelcraft_3X112PDF.pdf
2208261,D83000 OLS,https://mro-host.herokuapp.com/file_download/?name=reelcraft_D83000 TW.pdf
2208217,PW7600 OHP,https://mro-host.herokuapp.com/file_download/?name=reelcraft_7000 SERIES OXP TW.pdf
2208225,SGA3650 OLP,https://mro-host.herokuapp.com/file_download/?name=reelcraft_SREELPDF.pdf
2208117,D83000 OLP,https://mro-host.herokuapp.com/file_download/?name=reelcraft_D83000 TW.pdf
2208249,5635 OLPSW5,https://mro-host.herokuapp.com/file_download/?name=reelcraft_5000 OXP TW.pdf
2208317,DP5835 OLP,https://mro-host.herokuapp.com/file_download/?name=reelcraft_DP5000 OXP NARROW.pdf
2208293,TW7450 OLPT,https://mro-host.herokuapp.com/file_download/?name=reelcraft_TW7000 SERIES TW.pdf
2793422,CA33106 M,https://mro-host.herokuapp.com/file_download/?name=reelcraft_3X106PDF.pdf
2793410,D83000 OLS-S,https://mro-host.herokuapp.com/file_download/?name=reelcraft_D83000 TW.pdf
2793442,L 4050 163 3,https://mro-host.herokuapp.com/file_download/?name=reelcraft_L4000PDF.pdf
2793446,L 5550 123 3A,https://mro-host.herokuapp.com/file_download/?name=reelcraft_L5005PDF.pdf
2793450,L 4545 123 7,https://mro-host.herokuapp.com/file_download/?name=reelcraft_L4000PDF.pdf
2208035,A5800 OLP,https://mro-host.herokuapp.com/file_download/?name=reelcraft_5000 OXP TW.pdf
2207991,FSD13050 OLP,https://mro-host.herokuapp.com/file_download/?name=reelcraft_SD130002.pdf
2208007,SD14035 OLP,https://mro-host.herokuapp.com/file_download/?name=reelcraft_SD140002.pdf
2208059,A5835 OLP,https://mro-host.herokuapp.com/file_download/?name=reelcraft_A5005PDF.pdf
2208055,5650 OLP,https://mro-host.herokuapp.com/file_download/?name=reelcraft_5005-PDF.pdf
2208087,7900 OLP,https://mro-host.herokuapp.com/file_download/?name=reelcraft_7000 SERIES OXP TW.pdf
2208349,FSD14000 OLP,https://mro-host.herokuapp.com/file_download/?name=reelcraft_SD140002.pdf
2208099,DP7800 OLP,https://mro-host.herokuapp.com/file_download/?name=reelcraft_DP7000 OXP NARROW.pdf
2208103,81000 OHP,https://mro-host.herokuapp.com/file_download/?name=reelcraft_80000 OXP TW.pdf
2208373,7450 OHP,https://mro-host.herokuapp.com/file_download/?name=reelcraft_7000 SERIES OXP TW.pdf
2208115,83050 OLP,https://mro-host.herokuapp.com/file_download/?name=reelcraft_80000 OXP TW.pdf
2208127,F83000 OLP,https://mro-host.herokuapp.com/file_download/?name=reelcraft_80000 OXP TW.pdf
2208353,L40501639,https://mro-host.herokuapp.com/file_download/?name=reelcraft_L4000PDF.pdf
2208131,FD84000 OLP,https://mro-host.herokuapp.com/file_download/?name=reelcraft_D84000 TW.pdf
2208357,RT450-OLPSM,https://mro-host.herokuapp.com/file_download/?name=reelcraft_RTSM_2_INCH.pdf
2208231,H18000 M,https://mro-host.herokuapp.com/file_download/?name=reelcraft_H16000-2.pdf
2208107,81100 OLP,https://mro-host.herokuapp.com/file_download/?name=reelcraft_80000 OXP TW.pdf
2208239,HS19000 M,https://mro-host.herokuapp.com/file_download/?name=reelcraft_H16000-2.pdf
2208219,PW81000 OHP,https://mro-host.herokuapp.com/file_download/?name=reelcraft_80000 OXP TW.pdf
2208187,E9299 OLPBW,https://mro-host.herokuapp.com/file_download/?name=reelcraft_D9300 OLPTW.pdf
2208195,GA3100 N,https://mro-host.herokuapp.com/file_download/?name=reelcraft_GA3100-2.pdf
2208123,TW86000 OLPT,https://mro-host.herokuapp.com/file_download/?name=reelcraft_TW80000 OLPT TW.pdf
2208135,FD9400 OLPBW,https://mro-host.herokuapp.com/file_download/?name=reelcraft_D9300 OLPTW.pdf
2208111,82075 OMP,https://mro-host.herokuapp.com/file_download/?name=reelcraft_80000 OXP TW.pdf
2208259,83000 OLS,https://mro-host.herokuapp.com/file_download/?name=reelcraft_80000 OXP TW.pdf
2208243,5600 OMS,https://mro-host.herokuapp.com/file_download/?name=reelcraft_5000 OXP TW.pdf
2208287,TW7460 OLP,https://mro-host.herokuapp.com/file_download/?name=reelcraft_TW7000 SERIES TW.pdf
2208363,UR7830 OLB,https://mro-host.herokuapp.com/file_download/?name=reelcraft_7000 SERIES OXP TW.pdf
2208355,L45451239G,https://mro-host.herokuapp.com/file_download/?name=reelcraft_L4000PDF.pdf
2208215,EA38112 M12D,https://mro-host.herokuapp.com/file_download/?name=reelcraft_EA112PDF.pdf
2208375,7607 OLP,https://mro-host.herokuapp.com/file_download/?name=reelcraft_7000 SERIES OXP TW.pdf
773273,L55501233A,https://mro-host.herokuapp.com/file_download/?name=reelcraft_L5005PDF.pdf
2208307,DP5435 OLP,https://mro-host.herokuapp.com/file_download/?name=reelcraft_DP5000 OXP NARROW.pdf
773417,L4100,https://mro-host.herokuapp.com/file_download/?name=reelcraft_L4000PDF.pdf
773389,CA30106-CS,https://mro-host.herokuapp.com/file_download/?name=reelcraft_CA301062.pdf
2208379,D9465 OLPBW,https://mro-host.herokuapp.com/file_download/?name=reelcraft_D9305PDF.pdf
773421,L45451237A,https://mro-host.herokuapp.com/file_download/?name=reelcraft_L4000PDF.pdf
773597,RT435-OLP,https://mro-host.herokuapp.com/file_download/?name=reelcraft_RT_2_INCH.pdf
773615,RT850-OLP,https://mro-host.herokuapp.com/file_download/?name=reelcraft_RT_2_INCH.pdf
773623,SGA3665OLP,https://mro-host.herokuapp.com/file_download/?name=reelcraft_SREELPDF.pdf
773595,RT425-OLP,https://mro-host.herokuapp.com/file_download/?name=reelcraft_RT_2_INCH.pdf
773910,H16000,https://mro-host.herokuapp.com/file_download/?name=reelcraft_H16000-2.pdf
773621,SWA3850OLP,https://mro-host.herokuapp.com/file_download/?name=reelcraft_SREELPDF.pdf
773555,PW81000OHP,https://mro-host.herokuapp.com/file_download/?name=reelcraft_80000 OXP TW.pdf
773611,RT825-OLP,https://mro-host.herokuapp.com/file_download/?name=reelcraft_RT_2_INCH.pdf
773691,CA33112L,https://mro-host.herokuapp.com/file_download/?name=reelcraft_3X112PDF.pdf
773685,CA32112M,https://mro-host.herokuapp.com/file_download/?name=reelcraft_3X112PDF.pdf
773795,FD84050OLP,https://mro-host.herokuapp.com/file_download/?name=reelcraft_D84000 TW.pdf
773876,DP5635OLP,https://mro-host.herokuapp.com/file_download/?name=reelcraft_DP5000 OXP NARROW.pdf
773799,81100OLP,https://mro-host.herokuapp.com/file_download/?name=reelcraft_80000 OXP TW.pdf
773613,RT835-OLP,https://mro-host.herokuapp.com/file_download/?name=reelcraft_RT_2_INCH.pdf
773605,RT635-OLP,https://mro-host.herokuapp.com/file_download/?name=reelcraft_RT_2_INCH.pdf
ids,catalog_number,https://mro-host.herokuapp.com/file_download/?name=reelcraft_pdf
2208068,7600 OHP,https://mro-host.herokuapp.com/file_download/?name=reelcraft_7000 SERIES OXP TW.pdf
5056270,7650 OLP-HTH,https://mro-host.herokuapp.com/file_download/?name=reelcraft_7000 SERIES OXP TW.pdf
2208012,UR7915 OLB,https://mro-host.herokuapp.com/file_download/?name=reelcraft_7000 SERIES OXP TW.pdf
5029887,GC7925OLP,https://mro-host.herokuapp.com/file_download/?name=reelcraft_7000 SERIES OXP TW.pdf
2208014,URD9275 OLBBW70,https://mro-host.herokuapp.com/file_download/?name=reelcraft_D9300 OLPTW.pdf
2207974,B5625 OHP,https://mro-host.herokuapp.com/file_download/?name=reelcraft_5000 OXP TW.pdf
2208310,DP5600 OLP,https://mro-host.herokuapp.com/file_download/?name=reelcraft_DP5000 OXP NARROW.pdf
2208318,DP5835 OMP,https://mro-host.herokuapp.com/file_download/?name=reelcraft_DP5000 OXP NARROW.pdf
2208166,D9175 OHPBW,https://mro-host.herokuapp.com/file_download/?name=reelcraft_D9300 OLPTW.pdf
2208186,E9275 OMPBW,https://mro-host.herokuapp.com/file_download/?name=reelcraft_D9300 OLPTW.pdf
2208133,FD9300 OLPBW,https://mro-host.herokuapp.com/file_download/?name=reelcraft_D9300 OLPTW.pdf
2208089,DP7400 OHP,https://mro-host.herokuapp.com/file_download/?name=reelcraft_DP7000 OXP NARROW.pdf
2208137,FE9300 OLPBW,https://mro-host.herokuapp.com/file_download/?name=reelcraft_D9300 OLPTW.pdf
2208029,5600 OHP,https://mro-host.herokuapp.com/file_download/?name=reelcraft_5000 OXP TW.pdf
2207973,B5450 OLP,https://mro-host.herokuapp.com/file_download/?name=reelcraft_5000 OXP TW.pdf
2208183,E9200 OLPBW,https://mro-host.herokuapp.com/file_download/?name=reelcraft_D9300 OLPTW.pdf
773456,TW86075OLPT,https://mro-host.herokuapp.com/file_download/?name=reelcraft_TW80000 OLPT TW.pdf
773452,TW7400OLPT,https://mro-host.herokuapp.com/file_download/?name=reelcraft_TW7000 SERIES TW.pdf
773532,TW7460OLP,https://mro-host.herokuapp.com/file_download/?name=reelcraft_TW7000 SERIES TW.pdf
773544,5600OLB,https://mro-host.herokuapp.com/file_download/?name=reelcraft_5000 OXP TW.pdf
773572,RT602-OHP,https://mro-host.herokuapp.com/file_download/?name=reelcraft_RT_2_INCH.pdf
773556,PW7600OHP,https://mro-host.herokuapp.com/file_download/?name=reelcraft_7000 SERIES OXP TW.pdf
773732,5400OLP,https://mro-host.herokuapp.com/file_download/?name=reelcraft_5000 OXP TW.pdf
773736,5600OMP,https://mro-host.herokuapp.com/file_download/?name=reelcraft_5000 OXP TW.pdf
773770,7600OMP,https://mro-host.herokuapp.com/file_download/?name=reelcraft_7000 SERIES OXP TW.pdf
773724,5435OMP,https://mro-host.herokuapp.com/file_download/?name=reelcraft_5000 OXP TW.pdf
2208362,UR7800 OLB70,https://mro-host.herokuapp.com/file_download/?name=reelcraft_7000 SERIES OXP TW.pdf
773580,RT802-OLP,https://mro-host.herokuapp.com/file_download/?name=reelcraft_RT_2_INCH.pdf
773450,TW86000OLPT,https://mro-host.herokuapp.com/file_download/?name=reelcraft_TW80000 OLPT TW.pdf
773526,TW7400OLP,https://mro-host.herokuapp.com/file_download/?name=reelcraft_TW7000 SERIES TW.pdf
773542,D9400OLBBW,https://mro-host.herokuapp.com/file_download/?name=reelcraft_D9300 OLPTW.pdf
773458,TW7450OLPT,https://mro-host.herokuapp.com/file_download/?name=reelcraft_TW7000 SERIES TW.pdf
773554,5635OLPSW5,https://mro-host.herokuapp.com/file_download/?name=reelcraft_5000 OXP TW.pdf
773586,RT405-OLB,https://mro-host.herokuapp.com/file_download/?name=reelcraft_RT_2_INCH.pdf
2208165,D9100 OHPBW,https://mro-host.herokuapp.com/file_download/?name=reelcraft_D9300 OLPTW.pdf
773574,RT602-OMP,https://mro-host.herokuapp.com/file_download/?name=reelcraft_RT_2_INCH.pdf
2208309,DP5600 OHP,https://mro-host.herokuapp.com/file_download/?name=reelcraft_DP5000 OXP NARROW.pdf
2208185,E9275 OLPBW,https://mro-host.herokuapp.com/file_download/?name=reelcraft_D9300 OLPTW.pdf
773606,RT635-OMP,https://mro-host.herokuapp.com/file_download/?name=reelcraft_RT_2_INCH.pdf
773590,RT802-OLB,https://mro-host.herokuapp.com/file_download/?name=reelcraft_RT_2_INCH.pdf
2208345,D9300 OLSBW-S,https://mro-host.herokuapp.com/file_download/?name=reelcraft_D9300 OLPTW.pdf
773449,TW84000OLPT,https://mro-host.herokuapp.com/file_download/?name=reelcraft_TW80000 OLPT TW.pdf
773545,7600OLB,https://mro-host.herokuapp.com/file_download/?name=reelcraft_7000 SERIES OXP TW.pdf
773581,RT802-OMP,https://mro-host.herokuapp.com/file_download/?name=reelcraft_RT_2_INCH.pdf
773729,A5800OLP,https://mro-host.herokuapp.com/file_download/?name=reelcraft_5000 OXP TW.pdf
773721,A5825OLP,https://mro-host.herokuapp.com/file_download/?name=reelcraft_5000 OXP TW.pdf
773807,F83000OLP,https://mro-host.herokuapp.com/file_download/?name=reelcraft_80000 OXP TW.pdf
773767,7400OHP,https://mro-host.herokuapp.com/file_download/?name=reelcraft_7000 SERIES OXP TW.pdf
773819,LP83000OLS,https://mro-host.herokuapp.com/file_download/?name=reelcraft_LP80000 TW.pdf
773803,83050OLP,https://mro-host.herokuapp.com/file_download/?name=reelcraft_80000 OXP TW.pdf
773860,D83075OLP,https://mro-host.herokuapp.com/file_download/?name=reelcraft_D83000 TW.pdf
773884,DP7650OHP,https://mro-host.herokuapp.com/file_download/?name=reelcraft_DP7000 OXP NARROW.pdf
773811,82000OMP,https://mro-host.herokuapp.com/file_download/?name=reelcraft_80000 OXP TW.pdf
773924,TH7445OMP,https://mro-host.herokuapp.com/file_download/?name=reelcraft_TH7000 SERIES TW.pdf
773455,TW84100OLPT,https://mro-host.herokuapp.com/file_download/?name=reelcraft_TW80000 OLPT TW.pdf
773603,RT625-OMP,https://mro-host.herokuapp.com/file_download/?name=reelcraft_RT_2_INCH.pdf
773567,RT402-OHP,https://mro-host.herokuapp.com/file_download/?name=reelcraft_RT_2_INCH.pdf
773731,5400OHP,https://mro-host.herokuapp.com/file_download/?name=reelcraft_5000 OXP TW.pdf
773591,RT803-OLB,https://mro-host.herokuapp.com/file_download/?name=reelcraft_RT_2_INCH.pdf
773531,TW7450OLP,https://mro-host.herokuapp.com/file_download/?name=reelcraft_TW7000 SERIES TW.pdf
773761,7650OMP,https://mro-host.herokuapp.com/file_download/?name=reelcraft_7000 SERIES OXP TW.pdf
773735,5600OLP,https://mro-host.herokuapp.com/file_download/?name=reelcraft_5000 OXP TW.pdf
773797,81075OHP,https://mro-host.herokuapp.com/file_download/?name=reelcraft_80000 OXP TW.pdf
773579,RT605-OMP,https://mro-host.herokuapp.com/file_download/?name=reelcraft_RT_2_INCH.pdf
773765,7925OLP,https://mro-host.herokuapp.com/file_download/?name=reelcraft_7000 SERIES OXP TW.pdf
773805,FD83000OLP,https://mro-host.herokuapp.com/file_download/?name=reelcraft_D83000 TW.pdf
773806,FD84000OLP,https://mro-host.herokuapp.com/file_download/?name=reelcraft_D84000 TW.pdf
773895,DP7400OLP,https://mro-host.herokuapp.com/file_download/?name=reelcraft_DP7000 OXP NARROW.pdf
773879,DP5800OMP,https://mro-host.herokuapp.com/file_download/?name=reelcraft_DP5000 OXP NARROW.pdf
773810,82000OLP,https://mro-host.herokuapp.com/file_download/?name=reelcraft_80000 OXP TW.pdf
773883,DP7450OLP,https://mro-host.herokuapp.com/file_download/?name=reelcraft_DP7000 OXP NARROW.pdf
773947,82000OMS,https://mro-host.herokuapp.com/file_download/?name=reelcraft_80000 OXP TW.pdf
773891,DP7600OLP,https://mro-host.herokuapp.com/file_download/?name=reelcraft_DP7000 OXP NARROW.pdf
773887,DP7850OLP,https://mro-host.herokuapp.com/file_download/?name=reelcraft_DP7000 OXP NARROW.pdf
773927,TH86000OMP,https://mro-host.herokuapp.com/file_download/?name=reelcraft_TH80000 OMP TW.pdf
773951,5600OMS,https://mro-host.herokuapp.com/file_download/?name=reelcraft_5000 OXP TW.pdf
773728,5635OLP,https://mro-host.herokuapp.com/file_download/?name=reelcraft_5000 OXP TW.pdf
773722,A5825OMP,https://mro-host.herokuapp.com/file_download/?name=reelcraft_5000 OXP TW.pdf
773759,7650OHP,https://mro-host.herokuapp.com/file_download/?name=reelcraft_7000 SERIES OXP TW.pdf
773568,RT402-OLP,https://mro-host.herokuapp.com/file_download/?name=reelcraft_RT_2_INCH.pdf
773768,7600OHP,https://mro-host.herokuapp.com/file_download/?name=reelcraft_7000 SERIES OXP TW.pdf
773804,83050OMP,https://mro-host.herokuapp.com/file_download/?name=reelcraft_80000 OXP TW.pdf
773796,F83050OLP,https://mro-host.herokuapp.com/file_download/?name=reelcraft_80000 OXP TW.pdf
773808,81000OHP,https://mro-host.herokuapp.com/file_download/?name=reelcraft_80000 OXP TW.pdf
773869,DP5400OLP,https://mro-host.herokuapp.com/file_download/?name=reelcraft_DP5000 OXP NARROW.pdf
773889,DP7400OHP,https://mro-host.herokuapp.com/file_download/?name=reelcraft_DP7000 OXP NARROW.pdf
773949,83000OMS,https://mro-host.herokuapp.com/file_download/?name=reelcraft_80000 OXP TW.pdf
773921,THA7600OMP,https://mro-host.herokuapp.com/file_download/?name=reelcraft_TH7000 SERIES TW.pdf
773873,DP5600OLP,https://mro-host.herokuapp.com/file_download/?name=reelcraft_DP5000 OXP NARROW.pdf
773925,TH86050OMP,https://mro-host.herokuapp.com/file_download/?name=reelcraft_TH80000 OMP TW.pdf
773772,7800OMP,https://mro-host.herokuapp.com/file_download/?name=reelcraft_7000 SERIES OXP TW.pdf
773881,DP5835OMP,https://mro-host.herokuapp.com/file_download/?name=reelcraft_DP5000 OXP NARROW.pdf
773953,7800OMS,https://mro-host.herokuapp.com/file_download/?name=reelcraft_7000 SERIES OXP TW.pdf
773945,D84000OLS,https://mro-host.herokuapp.com/file_download/?name=reelcraft_D84000 TW.pdf
773726,5625OHP,https://mro-host.herokuapp.com/file_download/?name=reelcraft_5000 OXP TW.pdf
773734,5600OHP,https://mro-host.herokuapp.com/file_download/?name=reelcraft_5000 OXP TW.pdf
773812,83000OLP,https://mro-host.herokuapp.com/file_download/?name=reelcraft_80000 OXP TW.pdf
2208026,5430 OHP,https://mro-host.herokuapp.com/file_download/?name=reelcraft_5000 OXP TW.pdf
2208098,DP7650 OMP,https://mro-host.herokuapp.com/file_download/?name=reelcraft_DP7000 OXP NARROW.pdf
2208106,81100 OHP,https://mro-host.herokuapp.com/file_download/?name=reelcraft_80000 OXP TW.pdf
2208062,RT406-OLP,https://mro-host.herokuapp.com/file_download/?name=reelcraft_RT_2_INCH.pdf
2208090,DP7400 OLP,https://mro-host.herokuapp.com/file_download/?name=reelcraft_DP7000 OXP NARROW.pdf
2208222,7800 OLB,https://mro-host.herokuapp.com/file_download/?name=reelcraft_7000 SERIES OXP TW.pdf
2208242,5600 OLS,https://mro-host.herokuapp.com/file_download/?name=reelcraft_5000 OXP TW.pdf
2208182,E9175 OHPBW,https://mro-host.herokuapp.com/file_download/?name=reelcraft_D9300 OLPTW.pdf
2208250,5635 OLSSW5,https://mro-host.herokuapp.com/file_download/?name=reelcraft_5000 OXP TW.pdf
2208134,FD9350 OLPBW,https://mro-host.herokuapp.com/file_download/?name=reelcraft_D9300 OLPTW.pdf
773762,7670OLP,https://mro-host.herokuapp.com/file_download/?name=reelcraft_7000 SERIES OXP TW.pdf
2793403,TH9265 OMPBW,https://mro-host.herokuapp.com/file_download/?name=reelcraft_D9300 OLPTW.pdf
2208190,E9350 OLPBW,https://mro-host.herokuapp.com/file_download/?name=reelcraft_D9300 OLPTW.pdf
2208138,FE9350 OLPBW,https://mro-host.herokuapp.com/file_download/?name=reelcraft_D9300 OLPTW.pdf
2207972,B5435 OMP,https://mro-host.herokuapp.com/file_download/?name=reelcraft_5000 OXP TW.pdf
2208032,5625 OHP,https://mro-host.herokuapp.com/file_download/?name=reelcraft_5000 OXP TW.pdf
2208036,A5800 OMP,https://mro-host.herokuapp.com/file_download/?name=reelcraft_5000 OXP TW.pdf
2208258,82000 OMS,https://mro-host.herokuapp.com/file_download/?name=reelcraft_80000 OXP TW.pdf
2208294,TW7460 OLPT,https://mro-host.herokuapp.com/file_download/?name=reelcraft_TW7000 SERIES TW.pdf
2208374,7600 OMS55,https://mro-host.herokuapp.com/file_download/?name=reelcraft_7000 SERIES OXP TW.pdf
2208370,URD9200 OLBBW70,https://mro-host.herokuapp.com/file_download/?name=reelcraft_D9300 OLPTW.pdf
2208100,DP7800 OMP,https://mro-host.herokuapp.com/file_download/?name=reelcraft_DP7000 OXP NARROW.pdf
2208064,7400 OHP,https://mro-host.herokuapp.com/file_download/?name=reelcraft_7000 SERIES OXP TW.pdf
2208286,TW7450 OLP,https://mro-host.herokuapp.com/file_download/?name=reelcraft_TW7000 SERIES TW.pdf
2208104,81000 OLP,https://mro-host.herokuapp.com/file_download/?name=reelcraft_80000 OXP TW.pdf
2208116,83050 OMP,https://mro-host.herokuapp.com/file_download/?name=reelcraft_80000 OXP TW.pdf
2208092,DP7450 OLP,https://mro-host.herokuapp.com/file_download/?name=reelcraft_DP7000 OXP NARROW.pdf
2208136,FD9450 OLPBW,https://mro-host.herokuapp.com/file_download/?name=reelcraft_D9300 OLPTW.pdf
2208096,DP7650 OHP,https://mro-host.herokuapp.com/file_download/?name=reelcraft_DP7000 OXP NARROW.pdf
2208140,FE9450 OLPBW,https://mro-host.herokuapp.com/file_download/?name=reelcraft_D9300 OLPTW.pdf
2208192,E9375 OLPBW,https://mro-host.herokuapp.com/file_download/?name=reelcraft_D9300 OLPTW.pdf
2208188,E9300 OLPBW,https://mro-host.herokuapp.com/file_download/?name=reelcraft_D9300 OLPTW.pdf
2208124,TW86075 OLPT,https://mro-host.herokuapp.com/file_download/?name=reelcraft_TW80000 OLPT TW.pdf
2208220,5600 OLB,https://mro-host.herokuapp.com/file_download/?name=reelcraft_5000 OXP TW.pdf
2208224,D9400 OLBBW,https://mro-host.herokuapp.com/file_download/?name=reelcraft_D9300 OLPTW.pdf
2208184,E9200 OMPBW,https://mro-host.herokuapp.com/file_download/?name=reelcraft_D9300 OLPTW.pdf
2208260,83000 OMS,https://mro-host.herokuapp.com/file_download/?name=reelcraft_80000 OXP TW.pdf
2208200,TH86000 OMP,https://mro-host.herokuapp.com/file_download/?name=reelcraft_TH80000 OMP TW.pdf
2208364,UR7850 OLB,https://mro-host.herokuapp.com/file_download/?name=reelcraft_7000 SERIES OXP TW.pdf
2208312,DP5635 OHP,https://mro-host.herokuapp.com/file_download/?name=reelcraft_DP5000 OXP NARROW.pdf
2208372,RT835-OLPSM,https://mro-host.herokuapp.com/file_download/?name=reelcraft_RTSM_2_INCH.pdf
2208316,DP5800 OMP,https://mro-host.herokuapp.com/file_download/?name=reelcraft_DP5000 OXP NARROW.pdf
2208380,E9400 OMPBW,https://mro-host.herokuapp.com/file_download/?name=reelcraft_D9300 OLPTW.pdf
2208292,TW7400 OLPT,https://mro-host.herokuapp.com/file_download/?name=reelcraft_TW7000 SERIES TW.pdf
773944,D83000OLS,https://mro-host.herokuapp.com/file_download/?name=reelcraft_D83000 TW.pdf
773952,7800OLS,https://mro-host.herokuapp.com/file_download/?name=reelcraft_7000 SERIES OXP TW.pdf
773948,83000OLS,https://mro-host.herokuapp.com/file_download/?name=reelcraft_80000 OXP TW.pdf
773541,A5835OLBSW23,https://mro-host.herokuapp.com/file_download/?name=reelcraft_5000 OXP TW.pdf
2208013,UR7925 OLB,https://mro-host.herokuapp.com/file_download/?name=reelcraft_7000 SERIES OXP TW.pdf
2208025,5400 OMP,https://mro-host.herokuapp.com/file_download/?name=reelcraft_5000 OXP TW.pdf
2208093,DP7600 OHP,https://mro-host.herokuapp.com/file_download/?name=reelcraft_DP7000 OXP NARROW.pdf
2208105,81075 OHP,https://mro-host.herokuapp.com/file_download/?name=reelcraft_80000 OXP TW.pdf
2208121,TW84000 OLPT,https://mro-host.herokuapp.com/file_download/?name=reelcraft_TW80000 OLPT TW.pdf
2208109,82000 OMP,https://mro-host.herokuapp.com/file_download/?name=reelcraft_80000 OXP TW.pdf
2208189,E9300 OMPBW,https://mro-host.herokuapp.com/file_download/?name=reelcraft_D9300 OLPTW.pdf
2208129,FD83000 OLP,https://mro-host.herokuapp.com/file_download/?name=reelcraft_D83000 TW.pdf
2208245,7800 OMS,https://mro-host.herokuapp.com/file_download/?name=reelcraft_7000 SERIES OXP TW.pdf
2208221,7600 OLB,https://mro-host.herokuapp.com/file_download/?name=reelcraft_7000 SERIES OXP TW.pdf
2208201,TH86050 OMP,https://mro-host.herokuapp.com/file_download/?name=reelcraft_TH80000 OMP TW.pdf
2208329,5600 OMS-S,https://mro-host.herokuapp.com/file_download/?name=reelcraft_5000 OXP TW.pdf
2208341,7800 OMS-S,https://mro-host.herokuapp.com/file_download/?name=reelcraft_7000 SERIES OXP TW.pdf
2208205,THA7630 OMP,https://mro-host.herokuapp.com/file_download/?name=reelcraft_TH7000 SERIES TW.pdf
2208361,UR7800 OLB,https://mro-host.herokuapp.com/file_download/?name=reelcraft_7000 SERIES OXP TW.pdf
2208257,82000 OLS,https://mro-host.herokuapp.com/file_download/?name=reelcraft_80000 OXP TW.pdf
2208193,E9400 OLPBW,https://mro-host.herokuapp.com/file_download/?name=reelcraft_D9300 OLPTW.pdf
773813,83000OMP,https://mro-host.herokuapp.com/file_download/?name=reelcraft_80000 OXP TW.pdf
773886,DP7650OMP,https://mro-host.herokuapp.com/file_download/?name=reelcraft_DP7000 OXP NARROW.pdf
773878,DP5800OLP,https://mro-host.herokuapp.com/file_download/?name=reelcraft_DP5000 OXP NARROW.pdf
773874,DP5605OLP,https://mro-host.herokuapp.com/file_download/?name=reelcraft_DP5000 OXP NARROW.pdf
2208285,TW7400 OLP,https://mro-host.herokuapp.com/file_download/?name=reelcraft_TW7000 SERIES TW.pdf
2208313,DP5635 OLP,https://mro-host.herokuapp.com/file_download/?name=reelcraft_DP5000 OXP NARROW.pdf
773862,D83000OLP,https://mro-host.herokuapp.com/file_download/?name=reelcraft_D83000 TW.pdf
773926,TH88050OMP,https://mro-host.herokuapp.com/file_download/?name=reelcraft_TH80000 OMP TW.pdf
773946,82000OLS,https://mro-host.herokuapp.com/file_download/?name=reelcraft_80000 OXP TW.pdf
773950,5600OLS,https://mro-host.herokuapp.com/file_download/?name=reelcraft_5000 OXP TW.pdf
773922,THA7630OMP,https://mro-host.herokuapp.com/file_download/?name=reelcraft_TH7000 SERIES TW.pdf
773773,7900OLP,https://mro-host.herokuapp.com/file_download/?name=reelcraft_7000 SERIES OXP TW.pdf
773809,81000OLP,https://mro-host.herokuapp.com/file_download/?name=reelcraft_80000 OXP TW.pdf
2793402,TH9200 OMPBW,https://mro-host.herokuapp.com/file_download/?name=reelcraft_D9300 OLPTW.pdf
2208011,UR7830 OLB70,https://mro-host.herokuapp.com/file_download/?name=reelcraft_7000 SERIES OXP TW.pdf
2208031,5600 OMP,https://mro-host.herokuapp.com/file_download/?name=reelcraft_5000 OXP TW.pdf
2208023,5400 OHP,https://mro-host.herokuapp.com/file_download/?name=reelcraft_5000 OXP TW.pdf
2208027,5435 OMP,https://mro-host.herokuapp.com/file_download/?name=reelcraft_5000 OXP TW.pdf
2208095,DP7600 OMP,https://mro-host.herokuapp.com/file_download/?name=reelcraft_DP7000 OXP NARROW.pdf
2208119,D84000 OLP,https://mro-host.herokuapp.com/file_download/?name=reelcraft_D84000 TW.pdf
2208091,DP7450 OHP,https://mro-host.herokuapp.com/file_download/?name=reelcraft_DP7000 OXP NARROW.pdf
2208075,7650 OMP,https://mro-host.herokuapp.com/file_download/?name=reelcraft_7000 SERIES OXP TW.pdf
2208015,URD9350 OLBBW70,https://mro-host.herokuapp.com/file_download/?name=reelcraft_D9300 OLPTW.pdf
2208139,FE9400 OLPBW,https://mro-host.herokuapp.com/file_download/?name=reelcraft_D9300 OLPTW.pdf
2208203,TH88050 OMP,https://mro-host.herokuapp.com/file_download/?name=reelcraft_TH80000 OMP TW.pdf
2208311,DP5605 OLP,https://mro-host.herokuapp.com/file_download/?name=reelcraft_DP5000 OXP NARROW.pdf
2208191,E9350 OMPBW,https://mro-host.herokuapp.com/file_download/?name=reelcraft_D9300 OLPTW.pdf
2208199,TH7445 OMP,https://mro-host.herokuapp.com/file_download/?name=reelcraft_TH7000 SERIES TW.pdf
2208386,82000 OMS-S,https://mro-host.herokuapp.com/file_download/?name=reelcraft_80000 OXP TW.pdf
2208315,DP5800 OLP,https://mro-host.herokuapp.com/file_download/?name=reelcraft_DP5000 OXP NARROW.pdf
773546,7800OLB,https://mro-host.herokuapp.com/file_download/?name=reelcraft_7000 SERIES OXP TW.pdf
773582,RT803-OLP,https://mro-host.herokuapp.com/file_download/?name=reelcraft_RT_2_INCH.pdf
773570,RT403-OLP,https://mro-host.herokuapp.com/file_download/?name=reelcraft_RT_2_INCH.pdf
773594,RT425-OHP,https://mro-host.herokuapp.com/file_download/?name=reelcraft_RT_2_INCH.pdf
773730,A5800OMP,https://mro-host.herokuapp.com/file_download/?name=reelcraft_5000 OXP TW.pdf
773816,LP82000OLP,https://mro-host.herokuapp.com/file_download/?name=reelcraft_LP80000 TW.pdf
773885,DP7650OLP,https://mro-host.herokuapp.com/file_download/?name=reelcraft_DP7000 OXP NARROW.pdf
773893,DP7800OLP,https://mro-host.herokuapp.com/file_download/?name=reelcraft_DP7000 OXP NARROW.pdf
773861,D84050OLP,https://mro-host.herokuapp.com/file_download/?name=reelcraft_D84000 TW.pdf
2208388,83000 OMS-S,https://mro-host.herokuapp.com/file_download/?name=reelcraft_80000 OXP TW.pdf
773552,4625OLPSW5,https://mro-host.herokuapp.com/file_download/?name=reelcraft_4000 OXP TW.pdf
773576,RT603-OLP,https://mro-host.herokuapp.com/file_download/?name=reelcraft_RT_2_INCH.pdf
773592,RT805-OLB,https://mro-host.herokuapp.com/file_download/?name=reelcraft_RT_2_INCH.pdf
773588,RT603-OLB,https://mro-host.herokuapp.com/file_download/?name=reelcraft_RT_2_INCH.pdf
773612,RT825-OMP,https://mro-host.herokuapp.com/file_download/?name=reelcraft_RT_2_INCH.pdf
773600,RT605-OHP,https://mro-host.herokuapp.com/file_download/?name=reelcraft_RT_2_INCH.pdf
773604,RT635-OHP,https://mro-host.herokuapp.com/file_download/?name=reelcraft_RT_2_INCH.pdf
773794,FD83075OLP,https://mro-host.herokuapp.com/file_download/?name=reelcraft_D83000 TW.pdf
773596,RT435-OHP,https://mro-host.herokuapp.com/file_download/?name=reelcraft_RT_2_INCH.pdf
773818,LP83000OLP,https://mro-host.herokuapp.com/file_download/?name=reelcraft_LP80000 TW.pdf
773871,DP5450OLP,https://mro-host.herokuapp.com/file_download/?name=reelcraft_DP5000 OXP NARROW.pdf
773875,DP5635OHP,https://mro-host.herokuapp.com/file_download/?name=reelcraft_DP5000 OXP NARROW.pdf
773802,82100OLP,https://mro-host.herokuapp.com/file_download/?name=reelcraft_80000 OXP TW.pdf
773814,LPD84000OLP,https://mro-host.herokuapp.com/file_download/?name=reelcraft_LPD84000 TW.pdf
773798,81100OHP,https://mro-host.herokuapp.com/file_download/?name=reelcraft_80000 OXP TW.pdf
2208385,82000 OLS-S,https://mro-host.herokuapp.com/file_download/?name=reelcraft_80000 OXP TW.pdf
2208389,D84000 OLS-S,https://mro-host.herokuapp.com/file_download/?name=reelcraft_D84000 TW.pdf
2208365,UR7850 OLB70,https://mro-host.herokuapp.com/file_download/?name=reelcraft_7000 SERIES OXP TW.pdf
773557,PW7650OHP,https://mro-host.herokuapp.com/file_download/?name=reelcraft_7000 SERIES OXP TW.pdf
773589,RT605-OLB,https://mro-host.herokuapp.com/file_download/?name=reelcraft_RT_2_INCH.pdf
773585,RT403-OLB,https://mro-host.herokuapp.com/file_download/?name=reelcraft_RT_2_INCH.pdf
773733,5400OMP,https://mro-host.herokuapp.com/file_download/?name=reelcraft_5000 OXP TW.pdf
773569,RT403-OHP,https://mro-host.herokuapp.com/file_download/?name=reelcraft_RT_2_INCH.pdf
773725,5450OLP,https://mro-host.herokuapp.com/file_download/?name=reelcraft_5000 OXP TW.pdf
773601,RT625-OHP,https://mro-host.herokuapp.com/file_download/?name=reelcraft_RT_2_INCH.pdf
773593,RT650-OLPSM,https://mro-host.herokuapp.com/file_download/?name=reelcraft_RTSM_2_INCH.pdf
773573,RT602-OLP,https://mro-host.herokuapp.com/file_download/?name=reelcraft_RT_2_INCH.pdf
773758,F7925OLP,https://mro-host.herokuapp.com/file_download/?name=reelcraft_7000 SERIES OXP TW.pdf
773815,LPD84000OLS,https://mro-host.herokuapp.com/file_download/?name=reelcraft_LPD84000 TW.pdf
773577,RT603-OMP,https://mro-host.herokuapp.com/file_download/?name=reelcraft_RT_2_INCH.pdf
773609,RT650-OMP,https://mro-host.herokuapp.com/file_download/?name=reelcraft_RT_2_INCH.pdf
773771,7800OLP,https://mro-host.herokuapp.com/file_download/?name=reelcraft_7000 SERIES OXP TW.pdf
773880,DP5835OLP,https://mro-host.herokuapp.com/file_download/?name=reelcraft_DP5000 OXP NARROW.pdf
773872,DP5600OHP,https://mro-host.herokuapp.com/file_download/?name=reelcraft_DP5000 OXP NARROW.pdf
773892,DP7600OMP,https://mro-host.herokuapp.com/file_download/?name=reelcraft_DP7000 OXP NARROW.pdf
773888,DP7850OMP,https://mro-host.herokuapp.com/file_download/?name=reelcraft_DP7000 OXP NARROW.pdf
2208371,URD9300 OLBBW70,https://mro-host.herokuapp.com/file_download/?name=reelcraft_D9300 OLPTW.pdf
2208387,83000 OLS-S,https://mro-host.herokuapp.com/file_download/?name=reelcraft_80000 OXP TW.pdf
773928,TH88000OMP,https://mro-host.herokuapp.com/file_download/?name=reelcraft_TH80000 OMP TW.pdf
773459,TW7460OLPT,https://mro-host.herokuapp.com/file_download/?name=reelcraft_TW7000 SERIES TW.pdf
773607,RT650-OHP,https://mro-host.herokuapp.com/file_download/?name=reelcraft_RT_2_INCH.pdf
773571,RT405-OLP,https://mro-host.herokuapp.com/file_download/?name=reelcraft_RT_2_INCH.pdf
773575,RT603-OHP,https://mro-host.herokuapp.com/file_download/?name=reelcraft_RT_2_INCH.pdf
773583,RT803-OMP,https://mro-host.herokuapp.com/file_download/?name=reelcraft_RT_2_INCH.pdf
773599,RT465-OLP,https://mro-host.herokuapp.com/file_download/?name=reelcraft_RT_2_INCH.pdf
773723,5430OHP,https://mro-host.herokuapp.com/file_download/?name=reelcraft_5000 OXP TW.pdf
773587,RT602-OLB,https://mro-host.herokuapp.com/file_download/?name=reelcraft_RT_2_INCH.pdf
773817,LP82000OLS,https://mro-host.herokuapp.com/file_download/?name=reelcraft_LP80000 TW.pdf
773801,82075OMP,https://mro-host.herokuapp.com/file_download/?name=reelcraft_80000 OXP TW.pdf
773769,7600OLP,https://mro-host.herokuapp.com/file_download/?name=reelcraft_7000 SERIES OXP TW.pdf
773882,DP7450OHP,https://mro-host.herokuapp.com/file_download/?name=reelcraft_DP7000 OXP NARROW.pdf
773727,5630OMP,https://mro-host.herokuapp.com/file_download/?name=reelcraft_5000 OXP TW.pdf
773890,DP7600OHP,https://mro-host.herokuapp.com/file_download/?name=reelcraft_DP7000 OXP NARROW.pdf
773870,DP5435OLP,https://mro-host.herokuapp.com/file_download/?name=reelcraft_DP5000 OXP NARROW.pdf
773894,DP7800OMP,https://mro-host.herokuapp.com/file_download/?name=reelcraft_DP7000 OXP NARROW.pdf
2208030,5600 OLP,https://mro-host.herokuapp.com/file_download/?name=reelcraft_5000 OXP TW.pdf
2208038,A5825 OMP,https://mro-host.herokuapp.com/file_download/?name=reelcraft_5000 OXP TW.pdf
2207978,B5825 OLP,https://mro-host.herokuapp.com/file_download/?name=reelcraft_5000 OXP TW.pdf
2208094,DP7600 OLP,https://mro-host.herokuapp.com/file_download/?name=reelcraft_DP7000 OXP NARROW.pdf
2208034,5635 OLP,https://mro-host.herokuapp.com/file_download/?name=reelcraft_5000 OXP TW.pdf
2208070,7600 OMP,https://mro-host.herokuapp.com/file_download/?name=reelcraft_7000 SERIES OXP TW.pdf
2208074,7650 OLP,https://mro-host.herokuapp.com/file_download/?name=reelcraft_7000 SERIES OXP TW.pdf
2208102,DP7850 OMP,https://mro-host.herokuapp.com/file_download/?name=reelcraft_DP7000 OXP NARROW.pdf
2208126,F7925 OLP,https://mro-host.herokuapp.com/file_download/?name=reelcraft_7000 SERIES OXP TW.pdf
2208118,D83075 OLP,https://mro-host.herokuapp.com/file_download/?name=reelcraft_D83000 TW.pdf
2208202,TH88000 OMP,https://mro-host.herokuapp.com/file_download/?name=reelcraft_TH80000 OMP TW.pdf
2208110,82075 OLP,https://mro-host.herokuapp.com/file_download/?name=reelcraft_80000 OXP TW.pdf
2208218,PW7650 OHP,https://mro-host.herokuapp.com/file_download/?name=reelcraft_7000 SERIES OXP TW.pdf
2208114,83000 OMP,https://mro-host.herokuapp.com/file_download/?name=reelcraft_80000 OXP TW.pdf
2208086,7850 OMP,https://mro-host.herokuapp.com/file_download/?name=reelcraft_7000 SERIES OXP TW.pdf
2208130,FD83075 OLP,https://mro-host.herokuapp.com/file_download/?name=reelcraft_D83000 TW.pdf
2208246,4625 OLPSW5,https://mro-host.herokuapp.com/file_download/?name=reelcraft_4000 OXP TW.pdf
2208194,E9450 OLPBW,https://mro-host.herokuapp.com/file_download/?name=reelcraft_D9300 OLPTW.pdf
2208198,TH7400 OMP,https://mro-host.herokuapp.com/file_download/?name=reelcraft_TH7000 SERIES TW.pdf
2208262,D84000 OLS,https://mro-host.herokuapp.com/file_download/?name=reelcraft_D84000 TW.pdf
2208122,TW84100 OLPT,https://mro-host.herokuapp.com/file_download/?name=reelcraft_TW80000 OLPT TW.pdf
2208306,DP5400 OLP,https://mro-host.herokuapp.com/file_download/?name=reelcraft_DP5000 OXP NARROW.pdf
2208314,DP5650 OLP,https://mro-host.herokuapp.com/file_download/?name=reelcraft_DP5000 OXP NARROW.pdf
2207976,B5635 OLP,https://mro-host.herokuapp.com/file_download/?name=reelcraft_5000 OXP TW.pdf
2208028,5450 OLP,https://mro-host.herokuapp.com/file_download/?name=reelcraft_5000 OXP TW.pdf
2208024,5400 OLP,https://mro-host.herokuapp.com/file_download/?name=reelcraft_5000 OXP TW.pdf
2208080,7800 OLP,https://mro-host.herokuapp.com/file_download/?name=reelcraft_7000 SERIES OXP TW.pdf
2208112,82100 OLP,https://mro-host.herokuapp.com/file_download/?name=reelcraft_80000 OXP TW.pdf
2208084,7850 OLP,https://mro-host.herokuapp.com/file_download/?name=reelcraft_7000 SERIES OXP TW.pdf
2208108,82000 OLP,https://mro-host.herokuapp.com/file_download/?name=reelcraft_80000 OXP TW.pdf
2208088,7925 OLP,https://mro-host.herokuapp.com/file_download/?name=reelcraft_7000 SERIES OXP TW.pdf
2208120,D84050 OLP,https://mro-host.herokuapp.com/file_download/?name=reelcraft_D84000 TW.pdf
2208132,FD84050 OLP,https://mro-host.herokuapp.com/file_download/?name=reelcraft_D84000 TW.pdf
2208244,7800 OLS,https://mro-host.herokuapp.com/file_download/?name=reelcraft_7000 SERIES OXP TW.pdf
2208128,F83050 OLP,https://mro-host.herokuapp.com/file_download/?name=reelcraft_80000 OXP TW.pdf
2208256,A5835 OLBSW23,https://mro-host.herokuapp.com/file_download/?name=reelcraft_5000 OXP TW.pdf
2208204,THA7600 OMP,https://mro-host.herokuapp.com/file_download/?name=reelcraft_TH7000 SERIES TW.pdf
2208308,DP5450 OLP,https://mro-host.herokuapp.com/file_download/?name=reelcraft_DP5000 OXP NARROW.pdf
2208328,5600 OLS-S,https://mro-host.herokuapp.com/file_download/?name=reelcraft_5000 OXP TW.pdf
2208366,UR7900 OLB,https://mro-host.herokuapp.com/file_download/?name=reelcraft_7000 SERIES OXP TW.pdf
773602,RT625-OLP,https://mro-host.herokuapp.com/file_download/?name=reelcraft_RT_2_INCH.pdf
773800,82075OLP,https://mro-host.herokuapp.com/file_download/?name=reelcraft_80000 OXP TW.pdf
773764,7850OMP,https://mro-host.herokuapp.com/file_download/?name=reelcraft_7000 SERIES OXP TW.pdf
773578,RT605-OLP,https://mro-host.herokuapp.com/file_download/?name=reelcraft_RT_2_INCH.pdf
773614,RT835-OMP,https://mro-host.herokuapp.com/file_download/?name=reelcraft_RT_2_INCH.pdf
773598,RT450-OLP,https://mro-host.herokuapp.com/file_download/?name=reelcraft_RT_2_INCH.pdf
2208340,7800 OLS-S,https://mro-host.herokuapp.com/file_download/?name=reelcraft_7000 SERIES OXP TW.pdf
773610,RT805-OLP,https://mro-host.herokuapp.com/file_download/?name=reelcraft_RT_2_INCH.pdf
773877,DP5650OLP,https://mro-host.herokuapp.com/file_download/?name=reelcraft_DP5000 OXP NARROW.pdf
2208376,7850 OLPSW57,https://mro-host.herokuapp.com/file_download/?name=reelcraft_7000 SERIES OXP TW.pdf
773766,F7900OLP,https://mro-host.herokuapp.com/file_download/?name=reelcraft_7000 SERIES OXP TW.pdf
773956,5635OLSSW5,https://mro-host.herokuapp.com/file_download/?name=reelcraft_5000 OXP TW.pdf
773608,RT650-OLP,https://mro-host.herokuapp.com/file_download/?name=reelcraft_RT_2_INCH.pdf
773863,D84000OLP,https://mro-host.herokuapp.com/file_download/?name=reelcraft_D84000 TW.pdf
773923,TH7400OMP,https://mro-host.herokuapp.com/file_download/?name=reelcraft_TH7000 SERIES TW.pdf
2207989,FD84035 OLP,https://mro-host.herokuapp.com/file_download/?name=reelcraft_D84000 TW.pdf
2208033,5630 OMP,https://mro-host.herokuapp.com/file_download/?name=reelcraft_5000 OXP TW.pdf
2208037,A5825 OLP,https://mro-host.herokuapp.com/file_download/?name=reelcraft_5000 OXP TW.pdf
2208081,7800 OMP,https://mro-host.herokuapp.com/file_download/?name=reelcraft_7000 SERIES OXP TW.pdf
2208073,7650 OHP,https://mro-host.herokuapp.com/file_download/?name=reelcraft_7000 SERIES OXP TW.pdf
2208101,DP7850 OLP,https://mro-host.herokuapp.com/file_download/?name=reelcraft_DP7000 OXP NARROW.pdf
2208077,7670 OLP,https://mro-host.herokuapp.com/file_download/?name=reelcraft_7000 SERIES OXP TW.pdf
2208125,F7900 OLP,https://mro-host.herokuapp.com/file_download/?name=reelcraft_7000 SERIES OXP TW.pdf
2208097,DP7650 OLP,https://mro-host.herokuapp.com/file_download/?name=reelcraft_DP7000 OXP NARROW.pdf
2208069,7600 OLP,https://mro-host.herokuapp.com/file_download/?name=reelcraft_7000 SERIES OXP TW.pdf
2208217,PW7600 OHP,https://mro-host.herokuapp.com/file_download/?name=reelcraft_7000 SERIES OXP TW.pdf
2208085,7850 OLP121,https://mro-host.herokuapp.com/file_download/?name=reelcraft_7000 SERIES OXP TW.pdf
2208249,5635 OLPSW5,https://mro-host.herokuapp.com/file_download/?name=reelcraft_5000 OXP TW.pdf
2208113,83000 OLP,https://mro-host.herokuapp.com/file_download/?name=reelcraft_80000 OXP TW.pdf
2208117,D83000 OLP,https://mro-host.herokuapp.com/file_download/?name=reelcraft_D83000 TW.pdf
2208293,TW7450 OLPT,https://mro-host.herokuapp.com/file_download/?name=reelcraft_TW7000 SERIES TW.pdf
2208261,D83000 OLS,https://mro-host.herokuapp.com/file_download/?name=reelcraft_D83000 TW.pdf
2208317,DP5835 OLP,https://mro-host.herokuapp.com/file_download/?name=reelcraft_DP5000 OXP NARROW.pdf
2793410,D83000 OLS-S,https://mro-host.herokuapp.com/file_download/?name=reelcraft_D83000 TW.pdf
2208035,A5800 OLP,https://mro-host.herokuapp.com/file_download/?name=reelcraft_5000 OXP TW.pdf
2208107,81100 OLP,https://mro-host.herokuapp.com/file_download/?name=reelcraft_80000 OXP TW.pdf
2208087,7900 OLP,https://mro-host.herokuapp.com/file_download/?name=reelcraft_7000 SERIES OXP TW.pdf
2208111,82075 OMP,https://mro-host.herokuapp.com/file_download/?name=reelcraft_80000 OXP TW.pdf
2208103,81000 OHP,https://mro-host.herokuapp.com/file_download/?name=reelcraft_80000 OXP TW.pdf
2208099,DP7800 OLP,https://mro-host.herokuapp.com/file_download/?name=reelcraft_DP7000 OXP NARROW.pdf
2208115,83050 OLP,https://mro-host.herokuapp.com/file_download/?name=reelcraft_80000 OXP TW.pdf
2208373,7450 OHP,https://mro-host.herokuapp.com/file_download/?name=reelcraft_7000 SERIES OXP TW.pdf
2208357,RT450-OLPSM,https://mro-host.herokuapp.com/file_download/?name=reelcraft_RTSM_2_INCH.pdf
2208123,TW86000 OLPT,https://mro-host.herokuapp.com/file_download/?name=reelcraft_TW80000 OLPT TW.pdf
2208131,FD84000 OLP,https://mro-host.herokuapp.com/file_download/?name=reelcraft_D84000 TW.pdf
2208127,F83000 OLP,https://mro-host.herokuapp.com/file_download/?name=reelcraft_80000 OXP TW.pdf
2208243,5600 OMS,https://mro-host.herokuapp.com/file_download/?name=reelcraft_5000 OXP TW.pdf
2208187,E9299 OLPBW,https://mro-host.herokuapp.com/file_download/?name=reelcraft_D9300 OLPTW.pdf
2208219,PW81000 OHP,https://mro-host.herokuapp.com/file_download/?name=reelcraft_80000 OXP TW.pdf
2208135,FD9400 OLPBW,https://mro-host.herokuapp.com/file_download/?name=reelcraft_D9300 OLPTW.pdf
2208287,TW7460 OLP,https://mro-host.herokuapp.com/file_download/?name=reelcraft_TW7000 SERIES TW.pdf
2208375,7607 OLP,https://mro-host.herokuapp.com/file_download/?name=reelcraft_7000 SERIES OXP TW.pdf
2208259,83000 OLS,https://mro-host.herokuapp.com/file_download/?name=reelcraft_80000 OXP TW.pdf
2208307,DP5435 OLP,https://mro-host.herokuapp.com/file_download/?name=reelcraft_DP5000 OXP NARROW.pdf
2208363,UR7830 OLB,https://mro-host.herokuapp.com/file_download/?name=reelcraft_7000 SERIES OXP TW.pdf
773597,RT435-OLP,https://mro-host.herokuapp.com/file_download/?name=reelcraft_RT_2_INCH.pdf
773555,PW81000OHP,https://mro-host.herokuapp.com/file_download/?name=reelcraft_80000 OXP TW.pdf
773611,RT825-OLP,https://mro-host.herokuapp.com/file_download/?name=reelcraft_RT_2_INCH.pdf
773876,DP5635OLP,https://mro-host.herokuapp.com/file_download/?name=reelcraft_DP5000 OXP NARROW.pdf
773795,FD84050OLP,https://mro-host.herokuapp.com/file_download/?name=reelcraft_D84000 TW.pdf
773595,RT425-OLP,https://mro-host.herokuapp.com/file_download/?name=reelcraft_RT_2_INCH.pdf
773613,RT835-OLP,https://mro-host.herokuapp.com/file_download/?name=reelcraft_RT_2_INCH.pdf
773799,81100OLP,https://mro-host.herokuapp.com/file_download/?name=reelcraft_80000 OXP TW.pdf
773605,RT635-OLP,https://mro-host.herokuapp.com/file_download/?name=reelcraft_RT_2_INCH.pdf
773615,RT850-OLP,https://mro-host.herokuapp.com/file_download/?name=reelcraft_RT_2_INCH.pdf
