id,catalog_number,img_url
864583,LX1000X0,http://www.redlion.net/sites/default/files/styles/uc_product_full/public/media/lx1000x0-200.jpg
864473,ZRJ0256A,http://www.redlion.net/sites/default/files/styles/uc_product_full/public/media/ZR%20Product%20Image_1.gif
864517,ZBH00102,http://www.redlion.net/sites/default/files/styles/uc_product_full/public/media/zbg-zbh-200_0.gif
1357275,FCATAFUSECABLE,http://www.redlion.net/sites/default/files/styles/uc_product_full/public
1357741,E2-16DO24-D,http://www.redlion.net/sites/default/files/styles/uc_product_full/public/media/EtherTRAK2_4.jpg
1357927,BT-6821-GE,http://www.redlion.net/sites/default/files/styles/uc_product_full/public/media/BT6000-lg_0.jpg
1358363,9002FXE-ST-80,http://www.redlion.net/sites/default/files/styles/uc_product_full/public/media/9002FX.jpg
1357942,EB-16AI20M-D,http://www.redlion.net/sites/default/files/styles/uc_product_full/public/media/EtherTRAK2_4.jpg
1358103,EB-16AI-8AO-D,http://www.redlion.net/sites/default/files/styles/uc_product_full/public/media/EtherTRAK2_4.jpg
1358420,716FXE2-ST-80-HV,http://www.redlion.net/sites/default/files/styles/uc_product_full/public/media/716FX2-ST_1.jpg
1357729,ESERV-M12T,http://www.redlion.net/sites/default/files/styles/uc_product_full/public/media/ntron_eserv_m12t_web_1.jpg
1358065,EB-MIX24882-D,http://www.redlion.net/sites/default/files/styles/uc_product_full/public/media/E2-MIX24882_R_0.gif
286306,APMR0016,http://www.redlion.net/sites/default/files/styles/uc_product_full/public/media/Apmr-200_0.GIF
864376,RPGMK003,http://www.redlion.net/sites/default/files/styles/uc_product_full/public/media/image%20NA_0.gif
2302958,PXU21A20,http://www.redlion.net/sites/default/files/styles/uc_product_full/public/media/PXU16-200_2.jpg
1357739,E2-16DI24-D,http://www.redlion.net/sites/default/files/styles/uc_product_full/public/media/EtherTRAK2_4.jpg
1357778,EB-32DI24-D,http://www.redlion.net/sites/default/files/styles/uc_product_full/public/media/EtherTRAK2_4.jpg
1357640,BT-6600-VZ,http://www.redlion.net/sites/default/files/styles/uc_product_full/public/media/BT6000-lg_0.jpg
286466,PNL3F000,http://www.redlion.net/sites/default/files/styles/uc_product_full/public/media/pnl3f-200.gif
1357557,105FXE-ST-40-MDR,http://www.redlion.net/sites/default/files/styles/uc_product_full/public/media/105FX_1.jpg
1859075,SN-6721-AT,http://www.redlion.net/sites/default/files/styles/uc_product_full/public/media/SN-6721.jpg
286429,HWK30000,http://www.redlion.net/sites/default/files/styles/uc_product_full/public/media/HWK30000-200.GIF
1357654,BT-6801-GE,http://www.redlion.net/sites/default/files/styles/uc_product_full/public/media/BT6000-lg_0.jpg
1357929,BT-6821-TE,http://www.redlion.net/sites/default/files/styles/uc_product_full/public/media/BT6000-lg_0.jpg
286832,G3RS0000,http://www.redlion.net/sites/default/files/styles/uc_product_full/public/media/G3RS-200.GIF
1358261,7026TX-AC,http://www.redlion.net/sites/default/files/styles/uc_product_full/public/media/7026tx_0.jpg
1859070,SN-6701-AT-AC,http://www.redlion.net/sites/default/files/styles/uc_product_full/public/media/SN6701_L_0.jpg
864841,ZMD2000B,http://www.redlion.net/sites/default/files/styles/uc_product_full/public/media/zmd-200_0.gif
1358063,EB-32AI10V-D,http://www.redlion.net/sites/default/files/styles/uc_product_full/public/media/EtherTRAK2_4.jpg
1357986,SL-6RS-5SCL-D1,http://www.redlion.net/sites/default/files/styles/uc_product_full/public/media/SL-6RS-4%265SC-D1_L.jpg
1357987,SL-6RS-5STL-D1,http://www.redlion.net/sites/default/files/styles/uc_product_full/public/media/SL-6RS-4%265ST-D1_L.jpg
1358047,E2-16AI-8AO-D,http://www.redlion.net/sites/default/files/styles/uc_product_full/public/media/EtherTRAK2_4.jpg
1357994,E2-32AI20M-D,http://www.redlion.net/sites/default/files/styles/uc_product_full/public/media/EtherTRAK2_4.jpg
1357807,SL-6RS-5ST-D1,http://www.redlion.net/sites/default/files/styles/uc_product_full/public/media/SL-6RS-4%265ST-D1_L.jpg
2572376,NTPS-24-20,http://www.redlion.net/sites/default/files/styles/uc_product_full/public/media/picture_dimension_cps20_241-d1_300dpi_0.jpg
1358322,716FXE2-ST-15-HV,http://www.redlion.net/sites/default/files/styles/uc_product_full/public/media/716FX2-ST_1.jpg
286721,RLY50000,http://www.redlion.net/sites/default/files/styles/uc_product_full/public/media/RLY5-200.GIF
286794,ENC5A000,http://www.redlion.net/sites/default/files/styles/uc_product_full/public/media/enc5a-200.gif
1358073,105FXE-ST-80-POE,http://www.redlion.net/sites/default/files/styles/uc_product_full/public/media/105FX-ST-POE_L_1.jpg
1357995,E2-MIX24882-D,http://www.redlion.net/sites/default/files/styles/uc_product_full/public/media/E2-MIX24882_R_0.gif
864918,TMPCBS02,http://www.redlion.net/sites/default/files/styles/uc_product_full/public/media/image%20NA_0.gif
2302999,ET-8MS-MIL-1,http://www.redlion.net/sites/default/files/styles/uc_product_full/public/media/ET-8MS-MIL_m_1.gif
1858952,G07C0000,http://www.redlion.net/sites/default/files/styles/uc_product_full/public/media/G07-200_1.gif
2572388,RAM-6900-VZ,http://www.redlion.net/sites/default/files/styles/uc_product_full/public/media/RAM-6900_R_0.jpg
287112,MP75TX00,http://www.redlion.net/sites/default/files/styles/uc_product_full/public/media/MP75TX-200_0.jpg
1358028,7900CPU,http://www.redlion.net/sites/default/files/styles/uc_product_full/public/media/7900web_0.jpg
1858913,300-PMK,http://www.redlion.net/sites/default/files/styles/uc_product_full/public/media/300PM_7920.jpg
1357552,105FXE-SC-40,http://www.redlion.net/sites/default/files/styles/uc_product_full/public/media/105FX-SC_L_1.jpg
286462,PMK4B000,http://www.redlion.net/sites/default/files/styles/uc_product_full/public/media/pmk4b-200.jpg
2572224,105FXE-SC-40-POE-MDR,http://www.redlion.net/sites/default/files/styles/uc_product_full/public/media/105FX-POE_1.jpg
286744,PSA7B000,http://www.redlion.net/sites/default/files/styles/uc_product_full/public/media/psa7b-200_0.gif
1357983,105FXE-ST-80-MDR,http://www.redlion.net/sites/default/files/styles/uc_product_full/public/media/105FX_1.jpg
1859021,NTSFP-FX,http://www.redlion.net/sites/default/files/styles/uc_product_full/public/media/SFP%20Transceiver.jpg
1358024,RAM-6621-VZ,http://www.redlion.net/sites/default/files/styles/uc_product_full/public/media/RAM_1.jpg
864424,CBLAB001,http://www.redlion.net/sites/default/files/styles/uc_product_full/public/media/image%20NA_0.gif
1357578,SXIPM-AGA-1,http://www.redlion.net/sites/default/files/styles/uc_product_full/public/media/SXIPM-XXXXXX_lg.jpg
1357646,BT-6601-VZ,http://www.redlion.net/sites/default/files/styles/uc_product_full/public/media/BT6000-lg_0.jpg
1357513,VT-MODEM-1WW,http://www.redlion.net/sites/default/files/styles/uc_product_full/public/media/VT_MODEM_m.gif
1284959,G3MPI000,http://www.redlion.net/sites/default/files/styles/uc_product_full/public/media/G3MPI-200.gif
1357483,EB-5ES-PSE-1,http://www.redlion.net/sites/default/files/styles/uc_product_full/public/media/EB-5ES-PSE_1_0.jpg
1358096,ANT-PD58-32,http://www.redlion.net/sites/default/files/styles/uc_product_full/public/media/ant-pd58-32.jpg
1357429,EB-PD-24V-1,http://www.redlion.net/sites/default/files/styles/uc_product_full/public/media/EB-PD-24V-1_0.jpg
1357653,BT-6801-BM,http://www.redlion.net/sites/default/files/styles/uc_product_full/public/media/BT6000-lg_0.jpg
1358194,508FX2-A-SC,http://www.redlion.net/sites/default/files/styles/uc_product_full/public/media/508FX2_SC_1.jpg
1357853,EB-16DO24-D,http://www.redlion.net/sites/default/files/styles/uc_product_full/public/media/EtherTRAK2_4.jpg
1357289,RJ45-DB9F-CBL,http://www.redlion.net/sites/default/files/styles/uc_product_full/public
1357813,E2-16AI20M-D,http://www.redlion.net/sites/default/files/styles/uc_product_full/public/media/EtherTRAK2_4.jpg
1357510,105FXE-ST-15,http://www.redlion.net/sites/default/files/styles/uc_product_full/public/media/105FX_1.jpg
864475,ZRL0256A,http://www.redlion.net/sites/default/files/styles/uc_product_full/public/media/ZR%20Product%20Image_1.gif
1358123,EB-16ISO20M-D,http://www.redlion.net/sites/default/files/styles/uc_product_full/public/media/EtherTRAK2_4.jpg
1357512,105FXE-ST-15-MDR,http://www.redlion.net/sites/default/files/styles/uc_product_full/public/media/105FX_1.jpg
1358321,716FXE2-SC-15-HV,http://www.redlion.net/sites/default/files/styles/uc_product_full/public/media/716FX2-SC_1.jpg
286738,PSA2B000,http://www.redlion.net/sites/default/files/styles/uc_product_full/public/media/psa2b-200_0.gif
1357996,VT-IPM2M-113-D,http://www.redlion.net/sites/default/files/styles/uc_product_full/public/media/industrial_automation_ipm2m_lg_0.jpg
286661,PSA1B000,http://www.redlion.net/sites/default/files/styles/uc_product_full/public/media/psa1b-200_0.gif
1357993,E2-32AI10V-D,http://www.redlion.net/sites/default/files/styles/uc_product_full/public/media/EtherTRAK2_4.jpg
2572400,RAM-9911-VZ,http://www.redlion.net/sites/default/files/styles/uc_product_full/public/media/RAM-9000_R.jpg
1357658,SN-6600-VZ,http://www.redlion.net/sites/default/files/styles/uc_product_full/public/media/sn-6600-th_2.gif
1357651,BT-6800-TE,http://www.redlion.net/sites/default/files/styles/uc_product_full/public/media/BT6000-lg_0.jpg
1358080,E2-16ISO20M-D,http://www.redlion.net/sites/default/files/styles/uc_product_full/public/media/EtherTRAK2_4.jpg
1358307,ST-IPM-6350,http://www.redlion.net/sites/default/files/styles/uc_product_full/public/media/SixTRACK%20IPM_0.jpg
1357851,EB-10RTD-D,http://www.redlion.net/sites/default/files/styles/uc_product_full/public/media/EtherTRAK2.jpg
286490,PMKCC100,http://www.redlion.net/sites/default/files/styles/uc_product_full/public/media/pmkcc1-200.gif
286792,ENC80000,http://www.redlion.net/sites/default/files/styles/uc_product_full/public/media/ENC8-200.GIF
1357637,BT-6600-SP,http://www.redlion.net/sites/default/files/styles/uc_product_full/public/media/BT6000-lg_0.jpg
286785,ENC11000,http://www.redlion.net/sites/default/files/styles/uc_product_full/public/media/enc11-200.gif
1357431,EB-PSE-24V-1A,http://www.redlion.net/sites/default/files/styles/uc_product_full/public/media/EB-PSE-24V-1_0.jpg
1357446,105FX-ST-MDR,http://www.redlion.net/sites/default/files/styles/uc_product_full/public/media/105FX_1.jpg
286648,SHREPAX0,http://www.redlion.net/sites/default/files/styles/uc_product_full/public/media/shroud-epax-200.gif
2572223,105FXE-SC-15-POE-MDR,http://www.redlion.net/sites/default/files/styles/uc_product_full/public/media/105FX-POE_1.jpg
1358266,7018FX2-SC-HV,http://www.redlion.net/sites/default/files/styles/uc_product_full/public/media/7018FX2_SC_1.jpg
1357852,EB-16DI24-D,http://www.redlion.net/sites/default/files/styles/uc_product_full/public/media/EtherTRAK2_4.jpg
1357660,SN-6601-VZ,http://www.redlion.net/sites/default/files/styles/uc_product_full/public/media/SN-6601_th_1.jpg
2572417,XCHSPA00,http://www.redlion.net/sites/default/files/styles/uc_product_full/public/media/XCHSPA_L_0.jpg
1357428,304TX,http://www.redlion.net/sites/default/files/styles/uc_product_full/public/media/304TX_0.jpg
1357755,BT-6601EB-SP,http://www.redlion.net/sites/default/files/styles/uc_product_full/public/media/BT6000-lg_0.jpg
2572378,NTPS-24-TT-300,http://www.redlion.net/sites/default/files/styles/uc_product_full/public
1357779,EB-32DO24-D,http://www.redlion.net/sites/default/files/styles/uc_product_full/public/media/EtherTRAK2_4.jpg
1357745,110FX2-SC,http://www.redlion.net/sites/default/files/styles/uc_product_full/public/media/110FX2-SC_L-no-label_0.jpg
1358124,EB-16ISOTC-D,http://www.redlion.net/sites/default/files/styles/uc_product_full/public/media/EtherTRAK2_4.jpg
1357616,105FXE-ST-15-POE,http://www.redlion.net/sites/default/files/styles/uc_product_full/public/media/105FX-ST-POE_L_1.jpg
1357656,BT-6801-TE,http://www.redlion.net/sites/default/files/styles/uc_product_full/public/media/BT6000-lg_0.jpg
864377,CPNLRJ45,http://www.redlion.net/sites/default/files/styles/uc_product_full/public/media/CPNLRJ45-200.jpg
1357628,SLX-6RS-4ST-D1,http://www.redlion.net/sites/default/files/styles/uc_product_full/public/media/SLX-6RS-45ST_1.jpg
2572360,NT24K-FX8-SC,http://www.redlion.net/sites/default/files/styles/uc_product_full/public/media/NT24k%20FX8%20module_0.jpg
864825,ZLZ0050G,http://www.redlion.net/sites/default/files/styles/uc_product_full/public/media/zlz-200_0.gif
2572398,RAM-9911-AM,http://www.redlion.net/sites/default/files/styles/uc_product_full/public/media/RAM-9000_R.jpg
1357757,BT-6601EB-TE,http://www.redlion.net/sites/default/files/styles/uc_product_full/public/media/BT6000-lg_0.jpg
864673,LXOHM000,http://www.redlion.net/sites/default/files/styles/uc_product_full/public/media/lxohm000-200.jpg
1357740,E2-16DIAC-D,http://www.redlion.net/sites/default/files/styles/uc_product_full/public/media/EtherTRAK2_4.jpg
1357652,BT-6801-AT,http://www.redlion.net/sites/default/files/styles/uc_product_full/public/media/BT6000-lg_0.jpg
286349,BMK60000,http://www.redlion.net/sites/default/files/styles/uc_product_full/public/media/bmk6.GIF
2572397,RAM-6921-VZ,http://www.redlion.net/sites/default/files/styles/uc_product_full/public/media/RAM-6921_R_0.jpg
1357633,302MCE-N-SC-15,http://www.redlion.net/sites/default/files/styles/uc_product_full/public/media/302MC_SC_1.jpg
286580,ENC30000,http://www.redlion.net/sites/default/files/styles/uc_product_full/public/media/ENC3-200.GIF
1357564,SL-6RS-4ST-D1,http://www.redlion.net/sites/default/files/styles/uc_product_full/public/media/SL-6RS-4%265ST-D1_L.jpg
864751,ZGH0100C,http://www.redlion.net/sites/default/files/styles/uc_product_full/public/media/zfh-zgh-200_0.gif
1357380,URMK,http://www.redlion.net/sites/default/files/styles/uc_product_full/public/media/rackmount_7944.jpg
286435,PAXLBK30,http://www.redlion.net/sites/default/files/styles/uc_product_full/public/media/PAX%20Label%20Kit-200.GIF
1358064,EB-32AI20M-D,http://www.redlion.net/sites/default/files/styles/uc_product_full/public/media/EtherTRAK2_4.jpg
1358037,SLX-6RS-5SCL-D1,http://www.redlion.net/sites/default/files/styles/uc_product_full/public/SLX-6RS_5.jpg
1357367,FCOPPER-SFP-100,http://www.redlion.net/sites/default/files/styles/uc_product_full/public/media/FCOPPER-SFP-100-R1_L.jpg
1859071,SN-6701EB-AT,http://www.redlion.net/sites/default/files/styles/uc_product_full/public/media/SN6701_L_0.jpg
1357742,E2-16DORLY-D,http://www.redlion.net/sites/default/files/styles/uc_product_full/public/media/EtherTRAK2_4.jpg
1357744,105FXE-ST-40-POE,http://www.redlion.net/sites/default/files/styles/uc_product_full/public/media/105FX-ST-POE_L_1.jpg
1357599,E2-32DI24-D,http://www.redlion.net/sites/default/files/styles/uc_product_full/public/media/EtherTRAK2_4.jpg
864404,CCM12890,http://www.redlion.net/sites/default/files/styles/uc_product_full/public/media/image%20NA_0.gif
1357439,108TX-HV-MDR,http://www.redlion.net/sites/default/files/styles/uc_product_full/public/media/108TX_0.jpg
2302959,PXU31A20,http://www.redlion.net/sites/default/files/styles/uc_product_full/public/media/PXU16-200_2.jpg
2572391,RAM-6901-VZ,http://www.redlion.net/sites/default/files/styles/uc_product_full/public/media/RAM-6901_R_0.jpg
1357635,BT-6600-BM,http://www.redlion.net/sites/default/files/styles/uc_product_full/public/media/BT6000-lg_0.jpg
1357753,BT-6601EB-BM,http://www.redlion.net/sites/default/files/styles/uc_product_full/public/media/BT6000-lg_0.jpg
286346,BMK30000,http://www.redlion.net/sites/default/files/styles/uc_product_full/public/media/BMK34.GIF
1357899,SLX-6RS-5ST-D1,http://www.redlion.net/sites/default/files/styles/uc_product_full/public/media/SLX-6RS-45ST_1.jpg
2302982,1000-POE+,http://www.redlion.net/sites/default/files/styles/uc_product_full/public/media/1000POEplus_1.jpg
1357684,BT-6600-ST-AC,http://www.redlion.net/sites/default/files/styles/uc_product_full/public/media/BT6000-lg_0.jpg
864826,ZLZ0500G,http://www.redlion.net/sites/default/files/styles/uc_product_full/public/media/zlz-200_0.gif
864380,BMK11000,http://www.redlion.net/sites/default/files/styles/uc_product_full/public/media/bmk11.gif
1357540,105FX-ST-POE,http://www.redlion.net/sites/default/files/styles/uc_product_full/public/media/105FX-ST-POE_L_1.jpg
1357649,BT-6800-GE,http://www.redlion.net/sites/default/files/styles/uc_product_full/public/media/BT6000-lg_0.jpg
286417,CBJ11A07,http://www.redlion.net/sites/default/files/styles/uc_product_full/public/media/image%20NA_0.gif
1357645,BT-6601-TE,http://www.redlion.net/sites/default/files/styles/uc_product_full/public/media/BT6000-lg_0.jpg
1357274,FCATAFUSEAUTO,http://www.redlion.net/sites/default/files/styles/uc_product_full/public
286754,PSA8B000,http://www.redlion.net/sites/default/files/styles/uc_product_full/public/media/psa8b-200_0.gif
1358074,VT-IPM2M-213-D,http://www.redlion.net/sites/default/files/styles/uc_product_full/public/media/VT-Ipm2m_th_0.gif
2572225,105FXE-SC-80-POE-MDR,http://www.redlion.net/sites/default/files/styles/uc_product_full/public/media/105FX-POE_1.jpg
1357926,BT-6821-BM,http://www.redlion.net/sites/default/files/styles/uc_product_full/public/media/BT6000-lg_0.jpg
1357454,NTSFP-SX,http://www.redlion.net/sites/default/files/styles/uc_product_full/public/media/SFP%20Transceiver.jpg
1357738,E2-10RTD-D,http://www.redlion.net/sites/default/files/styles/uc_product_full/public/media/EtherTRAK2.jpg
2572229,105FX-SC-POE-MDR,http://www.redlion.net/sites/default/files/styles/uc_product_full/public/media/105FX-POE_1.jpg
2572394,RAM-6901EB-VZ,http://www.redlion.net/sites/default/files/styles/uc_product_full/public/media/RAM-6901EB_R_0.jpg
2572405,SN-6900-AM,http://www.redlion.net/sites/default/files/styles/uc_product_full/public/media/SN-6700_RL.jpg
1357587,SXTOOLS-2,http://www.redlion.net/sites/default/files/styles/uc_product_full/public/media/sxtools_lg_0.gif
1358012,SXTOOLS-P,http://www.redlion.net/sites/default/files/styles/uc_product_full/public/media/industrial_automation_oem.jpg
286634,WF1000BF,http://www.redlion.net/sites/default/files/styles/uc_product_full/public/media/wheel-of-200.gif
1357284,RJ45-PLUG-16,http://www.redlion.net/sites/default/files/styles/uc_product_full/public
1357921,BT-6621-SP,http://www.redlion.net/sites/default/files/styles/uc_product_full/public/media/BT6000-lg_0.jpg
1358010,FSFIBER-SFP-100,http://www.redlion.net/sites/default/files/styles/uc_product_full/public/media/FSFIBER-SFP-100_L.jpg
864838,ZMD1000B,http://www.redlion.net/sites/default/files/styles/uc_product_full/public/media/zmd-200_0.gif
1858924,ANT-PAD58-20,http://www.redlion.net/sites/default/files/styles/uc_product_full/public
1358081,E2-16ISOTC-D,http://www.redlion.net/sites/default/files/styles/uc_product_full/public/media/EtherTRAK2_4.jpg
1358250,716FX2-SC-HV,http://www.redlion.net/sites/default/files/styles/uc_product_full/public/media/716FX2-SC_1.jpg
286654,LMPC0000,http://www.redlion.net/sites/default/files/styles/uc_product_full/public/media/LMPC-200_0.GIF
286835,G3CN0000,http://www.redlion.net/sites/default/files/styles/uc_product_full/public/pictures/G3CN-200
286460,PMK3C000,http://www.redlion.net/sites/default/files/styles/uc_product_full/public/media/pmk3c-200.jpg
1357600,E2-32DO24-D,http://www.redlion.net/sites/default/files/styles/uc_product_full/public/media/EtherTRAK2_4.jpg
1357947,BT-6621-ST-AC,http://www.redlion.net/sites/default/files/styles/uc_product_full/public/media/BT6000-lg_0.jpg
2572241,G3HSPA00,http://www.redlion.net/sites/default/files/styles/uc_product_full/public/media/G3-HSPA_L_0.jpg
1357273,1000-PM,http://www.redlion.net/sites/default/files/styles/uc_product_full/public
1357563,SL-6RS-4SC-D1,http://www.redlion.net/sites/default/files/styles/uc_product_full/public/media/SL-6RS-4%265SC-D1_L.jpg
1358293,7018FXE2-ST-15-HV,http://www.redlion.net/sites/default/files/styles/uc_product_full/public/media/7018FX2_1.jpg
1357601,E2-8AO20M-D,http://www.redlion.net/sites/default/files/styles/uc_product_full/public/media/E2-MIX24882_R_0.gif
1357643,BT-6601-SP,http://www.redlion.net/sites/default/files/styles/uc_product_full/public/media/BT6000-lg_0.jpg
2302986,E2-MIX20884-D,http://www.redlion.net/sites/default/files/styles/uc_product_full/public/media/E2-MIX24882_R_0.gif
