id,catalog_number,add_descr
2886883,030-95,18 Drawers feature sides slotted on one inch centers to hold high impact plastic dividers in place. They also have two easy glide runners and full width handles.
2886871,014-95,30 Drawers feature sides slotted on one inch centers to hold high impact plastic dividers in place. They also have two easy glide runners and full width handles.
2886895,060-95-WFS,Wall Mountable Cabinet with Fixed Shelf 
2886867,006-95,18 Drawers feature sides slotted on one inch centers to hold high impact plastic dividers in place. They also have two easy glide runners and full width handles.
2886911,1022M-50,FM Approved Manual Closing Safety Cabinet 
2886927,1060SL-50,"FM Approved, 60 Gallon, Self closing doors, Flammable Storage Cabinet with Legs "
2886931,1090ML-50,"FM Approved, 90 Gallon, manual closing, Flammable Storage Cabinet with Legs "
2886935,1104-95,"17""(432mm) Diameter Rotabin®"
2886863,002-95,6 Drawers feature sides slotted on one inch centers to hold high impact plastic dividers in place. They also have two easy glide runners and full width handles.
2886903,1012MH-50,Flammable Safety Cabinet
2886879,026-95,"90 Drawer Cabinet Systems-with 11-1/4"" Deep Extra large capacity drawers"
2886979,2210A-LU-95,nan
2886975,2203-LU-95,nan
2886983,2211A-TH-LU-95,nan
2886987,2212A-LU-95,nan
2887007,2501-BDLP-102-3S-1795,16 Gauge Cabinets with Hook-On Bins and Shelves
2887003,2500-138B-5295,16 Gauge Cabinets with Hook-On Bins
2886875,022-95,96 Drawers feature sides slotted on one inch centers to hold high impact plastic dividers in place. They also have two easy glide runners and full width handles.
2887011,2501-BDLP-126-5295,16 Gauge Cabinets with Hook-On Bins
2887031,2502M-BLP-42-5295,Mobile Cabinet with Hook-On Bins 
2887035,2504-4S-95,nan
2887015,2501M-BLP-12-2S-95,Mobile Cabinet with Hook-On Bins and Shelves
2887023,2502-186-1795,16 Gauge Cabinets with Hook-On Bins
2887043,2603-156B-95,16 Gauge Cabinets with Hook-On Bins
2887039,2601-3S-95,nan
2887027,2502M-BLP-18-2S-1795,Mobile Cabinet with Hook-On Bins and Shelves
2887067,304-95-5.75/LEG,Rack base is available for use with models 302-95 and 303-95.
2887075,3100-95,nan
2887107,3500-138B-95,nan
2887083,314-95,36 Opening Adjustable Parts Bin
2887099,3404-95,Stationary Workstation with 4 Drawers
2887115,3501584RDR-5295,"36"" Wide Cabinet with 58 Bins, 1 Shelf, 12 Door Shelves & 4 Drawers "
2887123,3501-BDLP-132-95,nan
2887127,3501-DLP-60DR11-96-2S5295,36 Wide Small Parts Storage & Security Cabinet with 60 Jumbo Drawers & 96 Hook-On Bins%uFFFD
2887111,3501524RDR-1795,"36"" Wide Cabinet with 52 Bins, 1 Shelf, 12 Door Shelves & 4 Drawers "
2887119,3501-BDLP-102-3S-5295,nan
2887135,3501-HDL-50,Spill Control Cabinet with Wardrobe/Broom Storage
2887139,3501M-BLP-30-1795,Mobile Cabinet with Hook-On Bins 
2887143,3502-138-3S-1795,nan
2887095,3400-95,nan
2887151,3502M-BLP-18-2S-1795,Mobile Cabinet with Hook-On Bins and Shelves
2887155,3502M-BLP-42-5295,Mobile Cabinet with Hook-On Bins 
2887167,3600-95,14 Gauge Cabinet with
2887184,362-95,"Base for 032, 033, 035"
2887159,350-95,72 Opening Bin 
2887147,3502-186-5295,nan
2887171,3602-BLP-14-2S-5295,nan
2887176,3602-BLP-36-95,nan
2887200,3702-132-95,nan
2887196,3700-2S-95,14 Gauge Cabinet with
2887192,366-95,"Hinged door set with padlock attachment is available for models 329-95, 330-95, 356-95, and 359-95. They are shipped separately and attached using sheet metal screws or pop rivets. Padlock not provided"
2887163,356-95,nan
2887204,3702-4S-95,14 Gauge Cabinet with
2887208,3702CXC-30B-95,Access Control Cabinet with Audit Trail - Hook-On Bins Included
2887212,3703CXC-42B-1795,Access Control Cabinet with Audit Trail - Hook-On Bins Included
2887216,3704-4S-95,nan
2887220,3704CXC-54B-95,Access Control Cabinet with Audit Trail - Hook-On Bins Included
2887228,383-95,Single Rod Rack
2887244,3SLT-2436-1.2K-95,3 Sided Low Deck Stock Truck
2887256,3ST-EX3060-1AS-95,3 Sided Mesh Stock Truck
2887264,3ST-EX3672-1AS-95,3 Sided Mesh Stock Truck
2887272,400-75,20 Pocket 
2887268,400-08,20 Pocket 
2887252,3ST-EX3048-1AS-95,3 Sided Mesh Stock Truck
2887236,3953-4S-95,* Features space-saving bi-folding doors 
2887276,401-54,23 Pocket 
2887280,402-08,11 Pocket 
2887284,402-75,11 Pocket 
2887304,407-95-A,Optional Legs for models 405 and 411
2887300,406-95,10 Pockets Literature Rack (large)
2887292,4050-3S-95,nan
2887288,403-54,5 Pocket 
2887324,431-75,9 Opening Horizontal Literature Rack
2886887,034-95,30 Drawers feature sides slotted on one inch centers to hold high impact plastic dividers in place. They also have two easy glide runners and full width handles.
2887059,3010-95,nan
2887296,405-95,11 Pockets Literature Rack (large)
2887348,5003-30-1795,12 Gauge Heavy Duty Enclosed Shelving with Hook-On Bins
2887344,5002-18-1795,12 Gauge Heavy Duty Enclosed Shelving with Hook-On Bins
2887332,4SLT-2436-2K-95,4 Sided Low Deck Stock Truck
2887352,5006-30-1795,12 Gauge Heavy Duty Enclosed Shelving with Hook-On Bins
2887328,434-75,15 Opening Horizontal Literature Rack
2887312,411-54,20 Pockets Literature Rack (large)
2887360,5010-30-1795,12 Gauge Heavy Duty Enclosed Shelving with Hook-On Bins
2886891,055-95,Utility Cabinet AU2 with adjustable shelves
2887364,5011-30-1795,12 Gauge Heavy Duty Enclosed Shelving with Hook-On Bins
2887372,5015-42-1795,12 Gauge Heavy Duty Enclosed Shelving with Hook-On Bins
2887384,5022-3S-95,Heavy Duty 12 Gauge Enclosed Shelving
2887368,5014-30-1795,12 Gauge Heavy Duty Enclosed Shelving with Hook-On Bins
2887380,5019-4S-95,Heavy Duty 12 Gauge Enclosed Shelving
2887376,5018-3S-95,Heavy Duty 12 Gauge Enclosed Shelving
2887356,5007-42-1795,12 Gauge Heavy Duty Enclosed Shelving with Hook-On Bins
2887404,545-43,(8 Cabinet) Door Pouch sold separately (Model 562-H719).
2887392,518-43-MD,Medicine Cabinet with Metal Door
2887400,534AV-43-SHELF,Shelf for 9AV Cabinet
2887396,532-43,"(7FX Cabinet with Swing-out Door) 2-shelf, Door pouch sold separately (Model 563-H720)."
2887260,3ST-EX3660-1AS-95,3 Sided Mesh Stock Truck
2887232,394-95,20 Opening Bin 
2887412,579-95,Adjustable base for Hydraulic Hose System
2887424,5WT-3672-12PN-95,"All welded 14 gauge steel platform truck with 12"" pneumatic casters, (2) swivel and (2) rigid"
2887416,583-95,Three Opening Hydraulic Hose Cabinet 
2887388,5023-4S-95,Heavy Duty 12 Gauge Enclosed Shelving
2887420,5WT-2448-12PN-95,"All welded 14 gauge steel platform truck with 12"" pneumatic casters, (2) swivel and (2) rigid"
2887440,AF-2448-95,A-Frame Truck 
2887444,AF-3048-PBLP-95,A-Frame Truck with Louvered Panels and Pegboard on Either Side
2887448,APT-2436-95,14 Gauge Steel Construction; 6 removable handles. (in: 12 x 24 x 36) (mm: 305 x 610 x 914) above deck
2887436,806-95,"The door trays, furnished with covers, provide convenient storage in otherwise unuseable space. Adjustable dividers are also provided."
2887464,DC36-48-4S6DS-5295,nan
2887460,DC-243636-48-2S-1795,nan
2887468,DC36-642S6DS-5295,nan
2887452,ATT-2438-95,Single Sided Adjust-A-Tray Truck
2887484,DC48-724S6DS-5295,nan
2887492,DCBDLP524RDR-1795,"36"" Wide Cabinet with 52 Bins, 1 Shelf, 12 Door Shelves & 4 Drawers "
2887476,DC48-128-4S-95,nan
2887472,DC48-114-6DS-5295,nan
2887480,DC-482472-BDLP-95,nan
2887496,DCBDLP584RDR-5295,"36"" Wide Cabinet with 58 Bins, 1 Shelf, 12 Door Shelves & 4 Drawers "
2887524,DWBM-3660-BE-95,Lips up on 3 sides
2887536,EGCVC4-50,Vertical Cylinder Storage Cabinet - Holds 4 Cylinders
2887504,DC-DLP-96-4S-1795,nan
2887512,DWB-3060-BE-RSR-95,Riser is 16H x 13D and includes Louvered Back Panel. (also includes electrical strip with 5 outlets)
2887508,DWB-3048-95,nan
2887532,EGCC8-50,Horizontal Cylinder Storage Cabinet - Holds 8 Cylinders
2887500,DCBDLP694RDR-95,nan
2887544,EMDC361845B1795,Clearview Cabinets with Hook-On Bins®
2887540,EMDC-2602-HDL-BLP-95,nan
2887552,EMDC-361872-30B-1795,Clearview Cabinets with Hook-On Bins®
2887564,EMDC-362472-30B-1795,Clearview Cabinets with Hook-On Bins®
2887556,EMDC-361884-95,nan
2887560,EMDC-362442-95,nan
2887528,EAS-2436-95,Open Access Cart 
2887584,EMDC-482472-42B-1795,Clearview Cabinets with Hook-On Bins®
2887572,EMDC-481872-24B-2S-5295,Clearview Cabinets with Hook-On Bins® and Shelves
2887592,EPT-2448-95,"All welded 12 gauge steel platform truck with 6"" x 2"" phenolic bolt-on casters, (2) swivel and (2) rigid"
2887588,EMDC-482472-6B-3S-5295,Clearview Cabinets with Hook-On Bins® and Shelves
2887548,EMDC-361860-95,nan
2887596,EX-3060-2SC-6PH-95,nan
2887608,FS-SH-2930,nan
2887604,FDC-SH-7218-95,nan
2887520,DWBM-3060-BE-LP-95,Mobile Work Bench with Louvered Panel Top 
2887580,EMDC-481872-95,nan
2887600,FDC-SH-4818-95,nan
2887488,DC48-842S6DS-95,nan
2887656,HDC-244842-2S95,12 Gauge Counter Top Cabinet
2887568,EMDC-362472-95,nan
2887660,HDC-246078-4S95,nan
2887672,HDC36-126PB240-95,12 Gauge Cabinet with 126 Hook-On-Bins
2887676,HDC36-60-2S6D95,nan
2887668,HDC36-108-3S95,nan
2887648,HDC-202436-2S95,12 Gauge Counter Top Cabinet
2887708,HDCC203642-2S95,12 Gauge Countertop Clearview Shelf Cabinet
2887688,HDC48-162-95,12 Gauge Cabinet with 162 Hook-On-Bins
2887684,HDC48-134-3S5295,nan
2887716,HDCD243678-3B95,nan
2887692,HDC48-84-2S6D95,nan
2887724,HDCM36-12-2S5295,Mobile Cabinet with Hook-On Bins and Shelves
2887696,HDC60-198-1795,12 Gauge Cabinet with 198 Hook-On-Bins
2887728,HDCM36-30-95,Mobile Cabinet with Hook-On Bins 
2887732,HDCM48-18-2S95,Mobile Cabinet with Hook-On Bins and Shelves
2887664,HDC36-102-3S5295,nan
2887712,HDCC244866-3S95,12 Gauge Clearview Shelf Cabinet
2887704,HDC72-240-5295,12 Gauge Cabinet with 240 Hook-On-Bins
2887748,HDC-SH-2036-95,nan
2887720,HDCD244878-6B95,nan
2887752,HDC-SH-2436-95,nan
2887576,EMDC-481872-42B-95,Clearview Cabinets with Hook-On Bins®
2887740,HDCP243678-4S95,12 Gauge Extra Heavy Duty Shelf Cabinet with PegBoard Doors. 
2887736,HDCM48-4S-95,Mobile Cabinet with 4 Shelves
2887760,HDCV36-12B-2S1795,12 Gauge Cabinets
2887756,HDC-SH-2472-95,nan
2887764,HDCV36-30B-5295,12 Gauge Cabinets
2887768,HDCV36-6B-3S95,12 Gauge Cabinets
2887776,HDCV48-42B-5295,12 Gauge Cabinets
2887788,HDDS246066-6S95,nan
2887772,HDCV48-24B-2S1795,12 Gauge Cabinets
2887652,HDC-243636-2S95,12 Gauge Counter Top Cabinet
2887792,HDJ36-12DC24TB4S95,nan
2887800,HDS-1848-95,nan
2887808,HDWB-3660-95,nan
2887796,HDJC244878-156-4S5295,nan
2887820,HET-2448-2-5K-95,nan
2887780,HDCV60-12B-3S95,12 Gauge Cabinets
2887816,HDWC246078-7M95,nan
2887804,HDS-HUP-96,High Additional Uprights
2887824,HET-3048-2-95,nan
2887832,HET-3672-3-5K-95,nan
2887864,HWBMT-364830-95,Extra Heavy Duty Machine Tables - Top shelf Only
2887828,HET-3060-3-5K-95,nan
2887860,HWB-3660-95,Super Heavy Duty Workbench
2887840,HMT-3048-3-95,nan
2887868,HWBMT-366034-95,Extra Heavy Duty Machine Tables - Top shelf Only
2887844,HMT-3672-3-95,nan
2887836,HMT-2436-3-95,nan
2887876,JC-171-5295,nan
2887884,JCBDLP694RDR-95,nan
2887872,JC-137-3S-1795,nan
2887888,JSC-602460-95,nan
2887892,LDO-2436-2-ALU-95,Low Deck Service Truck
2887880,JC-482478-5S-95,nan
2887900,LDO-3048-2-ALU-95,Low Deck Service Truck
2887904,LDO-3060-3-95,Low Deck Service Truck
2887908,LIC-3048-2-95,Low Profile Instrument Cart
2887912,LPRSS-17.25X20-95,Free Standing Louvered Panel Rack
2887916,LPRSS-34.5X68-95,Free Standing Louvered Panel Rack
2887944,MT243618-2K195,Medium Duty Machine Tables - Top Shelf Only
2887932,MSB12-2036-95,12 Opening Mobile Storage Bin
2887956,MT244836-3K295,Heavy Duty Machine Tables - 2 Shelves
2887920,LPW-34.5X20-95,Wall Mountable Louvered Panel (include 2 panels)
2887948,MT243630-2K395,Medium Duty Machine Tables - 3 Shelves
2887972,MTD244818-2K195,Medium Duty Machine Tables With Drawer and Top Shelf Only
2887968,MTD243624-2K195,Medium Duty Machine Tables With Drawer and Top Shelf Only
2887960,MT364836-3K295,Heavy Duty Machine Tables - 2 Shelves
2887964,MTD182430-2K195,Medium Duty Machine Tables With Drawer and Top Shelf Only
2887896,LDO-2448-2-ALU-95,Low Deck Service Truck
2887936,MSD-2023-95,Mobile Shop Desk
2887952,MT244824-2K195,Medium Duty Machine Tables - Top Shelf Only
2887940,MT182436-2K195,Medium Duty Machine Tables - Top Shelf Only
2887980,MTDM182436-2K195,Mobile Medium Duty Machine Tables with Drawer & Top Shelf Only
2887992,MTM182418-2K195,Mobile Medium Duty Machine Tables - Top Shelf Only
2887976,MTD244842-2K195,Medium Duty Machine Tables With Drawer and Top Shelf Only
2888000,MTM243624-2K195,Mobile Medium Duty Machine Tables - Top Shelf Only
2888016,MTM367236-3K295,Mobile Heavy Duty Machine Tables - 2 Shelves
2887996,MTM182442-2K195,Mobile Medium Duty Machine Tables - Top Shelf Only
2887988,MTDM244824-2K195,Mobile Medium Duty Machine Tables with Drawer & Top Shelf Only
2888012,MTM244842-2K195,Mobile Medium Duty Machine Tables - Top Shelf Only
2888024,OPC-3060-2-95,"2 Shelf Order Picking Cart with writing surface & 1-1/2"" (38mm) lip to retain paper and pens "
2888020,OPC-2436-2-95,"2 Shelf Order Picking Cart with writing surface & 1-1/2"" (38mm) lip to retain paper and pens "
2888036,PAT-36-4-14-95,"Pan & Tray Truck with 4""(102mm) spacing between trays"
2887984,MTDM243630-2K195,Mobile Medium Duty Machine Tables with Drawer & Top Shelf Only
2888032,OPT-7230-95,nan
2888028,OPT-4824-95,nan
2888040,PSD-2430-3-95,nan
2888072,RIC-244850-3-95,3 Shelf Rolling Instrument Cart
2888004,MTM243636-2K195,Mobile Medium Duty Machine Tables - Top Shelf Only
2888076,RIC-367250-3-95,3 Shelf Rolling Instrument Cart
2888092,RSC-2436-2-2.4K-ALU-FL-95,2 Shelf Stock Cart with Floor Lock
2888088,RSC-1836-BLP-112-210-95,Heavy Duty Bin Service Carts
2888044,PSD-2436-3-2D-95,3 Shelf Portable Shop Desk with 2 Drawer
2888108,RSC-2448-2-3K-TLD-95,2 Shelf Stock Cart with Ergonomic Handle-
2888008,MTM244830-2K195,Mobile Medium Duty Machine Tables - Top Shelf Only
2888100,RSC-2436-3-95,3 Shelf Stock Carts
2888120,RSC-3048-2-3K-TLD-95,2 Shelf Stock Cart with Ergonomic Handle-
2888096,RSC-2436-2-LP-2DR-32B-95,nan
2888124,RSC-3060-2-2.4K-ALU-FL-95,2 Shelf Stock Cart with Floor Lock
2888116,RSC-2448-5-95,5 Shelf Stock Cart
2888104,RSC-2436-BLP-48-230-95,Heavy Duty Bin Service Carts
2888112,RSC-2448-3-95,3 Shelf Stock Carts
2888136,RSC3-2436-2-3.6K-95,2 Shelf Stock Carts with 3 Lips Up
2888132,RSC-3060-5-95,5 Shelf Stock Cart
2888156,RSCE-2436-2-3.6K-95,Heavy Duty Rolling Stock Cart with Ergonomic Handle
2888148,RSCE-1830-2-3.6K-TLD-95,Heavy Rolling Stock Cart with Ergonomic Handle-
2888144,RSC6-2436-2-95,2 Shelf Stock Carts with 3 Lips Up
2888164,RSCE-2448-2-95,Rolling Stock Cart with Ergonomic Handle
2888176,RSCR-2436-95,2 Shelf Stock Cart with Raised Handle (All lips Up)
2888180,RSCR-3048-95,2 Shelf Stock Cart with Raised Handle (All lips Up)
2888160,RSCE-2436-2-TLD-95,Rolling Stock Cart with Ergonomic Handle-
2888184,RSIC-2436-2-5PU-95,2 Shelf Instrument Cart with Drawer and Electrical Strip (Polyurethane Caster)
2888128,RSC-3060-3-3K-TLD-95,3 Shelf Stock Carts
2888168,RSCE-3048-2-3.6K-TLD-95,Heavy Rolling Stock Cart with Ergonomic Handle-
2888188,SJC-BDLP-192-5295,nan
2888192,SJC-DLP-4S-14DS-95,nan
2888204,SSC-227-NL-95,nan
2888140,RSC6-1830-2-3.6K-95,2 Shelf Stock Carts with 6 Lips Up
2888212,SSC-722484-BDLP-212-3S-95,"Lockable, 212 Bin Cabinet with 3 Adjustable Shelves "
2888228,WBF-3072-95,nan
2888232,WBF-3672-95,nan
2888196,SSC-185-3S-NL-1795,nan
2888240,WBF-TH-36120-95,nan
2888236,WBF-TH-30120-95,nan
2888200,SSC-227-5295,nan
2888244,WBF-TH-48120-95,nan
2888292,510-43-B,(36 Unit) One center partition.
2888300,PB30172-08,Divider (Horizontal)
2888248,WB-SHELF-72-95,"72"" long"
2888296,PB30161-08,Divider (Vertical)
2888328,PB30240-17,Dividers: order PB30176
2888172,RSCE-3060-2-3.6K-ALD-95,Heavy Rolling Stock Cart with Ergonomic Handle-
2888320,521-43-A,"(60 Kit) Includes a 4-1/4"" partition. Includes handle, wall mounting hangers, and one fixed shelf."
2888324,B476-43-HIPS,(24 Unit HIPS) With fold-down polypropylene combination handle/hanger.
2888384,498-43,(Super Pocket Kit Box) The size of this polypropylene kit makes it an ideal choice for many promotional first aid packaging applications.
2888304,PB30250-17,Dividers: order PB30176
2886862,001-95,"Resembling a scaled-down filing cabinet, this set of 6 drawers keeps stationery supplies, sewing notions, and craft items organized. Six drawers with adjustable dividers. Drawers feature sides slotted on one inch centers to hold high impact plastic divide"
2888344,502-43,(10 Unit)
2886866,005-95,18 Drawer Cabinets. See Drawer Cabinets and Drawer Cabinets (Jumbo Drawers) categories for similar units. Drawers feature sides slotted on one inch centers to hold high impact plastic dividers in place. They also have two easy glide runners and full width
2886874,019-95,72 Drawers feature sides slotted on one inch centers to hold high impact plastic dividers in place. They also have two easy glide runners and full width handles.
2886886,033-95,24 Drawers feature sides slotted on one inch centers to hold high impact plastic dividers in place. They also have two easy glide runners and full width handles.
2886878,025-95,"60 Drawer Cabinet Systems-with 11-1/4"" Deep Extra large capacity drawers"
2886894,057-50,Spill Control / Respirator Cabinet
2886890,052-50,Spill Control / Respirator Cabinet
2886882,029-95,"90 Drawer Cabinet Systems-with 17"" Deep Extra large capacity drawers"
2886930,1090M-50,FM Approved Manual Closing Safety Cabinet 
2886910,1016SL-50,"FM Approved, 16 Gallon, Self closing doors, Flammable Storage Cabinet with Legs "
2886926,1060S-50,FM Approved Self Closing Safety Cabinet 
2886870,013-95,12 Drawers feature sides slotted on one inch centers to hold high impact plastic dividers in place. They also have two easy glide runners and full width handles.
2888348,PB30210-17,Dividers: order PB30161
2886902,1012M-50,FM Approved Manual Closing Safety Cabinet 
2886978,2210A-32B-LU-95,nan
2886962,177-DRAWER-95,"Drawer and runners for 30""(762 mm) bench"
2886974,2202-95,nan
2886982,2211A-LU-95,nan
2886990,2220-95,nan
2887002,2500-138B-1795,16 Gauge Cabinets with Hook-On Bins
2886938,1110-95,"17"" (432mm)  Diameter Rotabin®"
2886986,2212A-BLP-8B-LU-95,nan
2887022,2502-138-3S-95,16 Gauge Cabinets with Hook-On Bins and Shelves
2887018,2501M-BLP-30-95,Mobile Cabinet with Hook-On Bins 
2887050,297-95,"Wire and Terminal Storage Cabinet. Accomodates 24 3-1/2"" spools. 16 grommets to guide wires and a compartment box with 21 compartments for storing smaller components."
2887026,2502-4S-95,nan
2887034,2503-2S-95,nan
2887014,2501M-BLP-12-2S-5295,Mobile Cabinet with Hook-On Bins and Shelves
2887054,2SPT-3048-2-2K-95,"All welded, heavy duty 14 gauge steel stock truck with phenolic casters, (2) swivel and (2) rigid and 2 shelves, tubular handle allows easy mobility. Ships fully assembled and ready for use. "
2887058,300-95,Aerosol Storage Cabinet 
2887010,2501-BDLP-126-1795,16 Gauge Cabinets with Hook-On Bins
2887030,2502M-BLP-42-1795,Mobile Cabinet with Hook-On Bins 
2887062,303-2S-95,Hydraulic Hose Cabinet
2887098,3403-95,Stationary Workstation with 1 Shelf
2887094,338-95,"12"" Deep Utility Cabinet "
2887106,3500-138B-5295,nan
2887078,3100-BLP-95,nan
2887114,3501584RDR-1795,"36"" Wide Cabinet with 58 Bins, 1 Shelf, 12 Door Shelves & 4 Drawers "
2887102,344-95,32 Opening Bin 
2887118,3501-BDLP-102-3S-1795,nan
2887038,2600-2S-95,nan
2887042,2603-156B-5295,16 Gauge Cabinets with Hook-On Bins
2887126,3501-DLP-60DR11-96-2S1795,36 Wide Small Parts Storage & Security Cabinet with 60 Jumbo Drawers & 96 Hook-On Bins%uFFFD
2887122,3501-BDLP-132-5295,nan
2887138,3501M-BLP-12-2S-95,Mobile Cabinet with Hook-On Bins and Shelves
2887134,3501-DLP-PB-96-2S-95,"36 Wide 5-S Storage Cabinet with Steel Pegboard, 96 Bins and 2 Adjustable Shelves"
2887154,3502M-BLP-42-1795,Mobile Cabinet with Hook-On Bins 
2887150,3502-95,nan
2887162,354-95,nan
2887146,3502-186-1795,nan
2887142,3501M-BLP-4S-95,Mobile Cabinet with 4 Shelves
2887166,359-95,nan
2887158,3503-95,14 Gauge Cabinet with
2887175,3602-BLP-36-5295,nan
2887170,3602-BLP-14-2S-1795,nan
2887191,365-95,"Hinged door set with padlock attachment is available for models 348-95, 350-95, 351-95, 360-95, 361-95 and 363-95. They are shipped separately and attached using sheet metal screws or pop rivets. Padlock not provided."
2887183,361-95,nan
2887179,3603-156B-5295,nan
2887199,3702-132-5295,nan
2887203,3702-16-3S-95,nan
2887211,3703CX-BLP4S-95,Heavy Duty Access Control Cabinet with Electronic Lock and Audit Trail Software. 
2887219,3704CXC-54B-5295,Access Control Cabinet with Audit Trail - Hook-On Bins Included
2887215,3703CXC-BLP4S-95,Heavy Duty Access Control Cabinet with Electronic Lock and Audit Trail Software. 
2887207,3702CXC-30B-5295,Access Control Cabinet with Audit Trail - Hook-On Bins Included
2887231,393-95,8 Opening Bin 
2887235,3952-4S-95,* Features space-saving bi-folding doors 
2887227,382-95,"Base for 9""(229mm) Deep Parts Bins"
2887239,397-95,nan
2887251,3ST-EX2460-95,3 Sided Mesh Stock Truck
2887255,3ST-EX3048-95,3 Sided Mesh Stock Truck
2887267,3ST-EX3672-95,3 Sided Mesh Stock Truck
2887247,3SLT-2448-2K-95,3 Sided Low Deck Stock Truck
2887263,3ST-EX3660-95,3 Sided Mesh Stock Truck
2887243,3SLT-1836-2K-95,3 Sided Low Deck Stock Truck
2887283,402-55,11 Pocket 
2887259,3ST-EX3060-95,3 Sided Mesh Stock Truck
2887291,403-95,5 Pocket 
2887287,403-10,5 Pocket 
2887271,400-55,20 Pocket 
2887275,401-10,23 Pocket 
2887279,401-95,23 Pocket 
2887299,406-75,10 Pockets Literature Rack (large)
2887311,411-08,20 Pockets Literature Rack (large)
2887295,405-75,11 Pockets Literature Rack (large)
2887323,431-08,9 Opening Horizontal Literature Rack
2887331,4SLT-2436-1.2K-95,4 Sided Low Deck Stock Truck
2887303,407-75-A,Optional Legs for models 405 and 411
2887327,434-08,15 Opening Horizontal Literature Rack
2887339,4STE-EX-3060-95,4 Sided Mesh Box Truck with Ergonomic Handle
2887343,4STE-SM-3060-95,4 Sided Solid Box Truck with Ergonomic Handle
2887335,4SLT-3048-2K-95,4 Sided Low Deck Stock Truck
2887351,5003-4S-95,Heavy Duty 12 Gauge Enclosed Shelving
2887347,5002-3S-95,Heavy Duty 12 Gauge Enclosed Shelving
2887359,5007-4S-95,Heavy Duty 12 Gauge Enclosed Shelving
2887355,5006-3S-95,Heavy Duty 12 Gauge Enclosed Shelving
2887371,5014-3S-95,Heavy Duty 12 Gauge Enclosed Shelving
2887363,5010-3S-95,Heavy Duty 12 Gauge Enclosed Shelving
2887367,5011-4S-95,Heavy Duty 12 Gauge Enclosed Shelving
2887387,5022-48-95,12 Gauge Heavy Duty Enclosed Shelving with Hook-On Bins
2887383,5019-54-95,12 Gauge Heavy Duty Enclosed Shelving with Hook-On Bins
2887375,5015-4S-95,Heavy Duty 12 Gauge Enclosed Shelving
2887379,5018-42-95,12 Gauge Heavy Duty Enclosed Shelving with Hook-On Bins
2887391,5023-72-95,12 Gauge Heavy Duty Enclosed Shelving with Hook-On Bins
2887407,564-H721,"This 12-Pocket Plastic Door Pouch is used with 9FX/9AV Cabinets (Models 534-43, 534AV-43)."
2887399,534AV-43,(9AV Cabinet) Two adjustable shelves. Door pouches (Model 564-H721) and additional shelves sold separately.
2887403,539-43,"(15FX Cabinet) 5-shelf, Door pouch sold separately Model (566-H723)."
2887395,529-D831,in: 6-3/4 x 3-3/4 
2887419,5WT-2448-12MR-95,"All welded 14 gauge steel platform truck with 12"" mold-on rubber casters, (2) swivel and (2) rigid"
2887439,921-95,Welding Rod Cabinet
2887415,582-95,Two Opening Hydraulic Hose Cabinet 
2887423,5WT-3672-12MR-95,"All welded 14 gauge steel platform truck with 12"" mold-on rubber casters, (2) swivel and (2) rigid"
2887435,802-95,"The door trays, furnished with covers, provide convenient storage in otherwise unuseable space. Adjustable dividers are also provided."
2887447,AF-3672-95,A-Frame Truck 
2887451,APT-3060-95,14 Gauge Steel Construction; 6 removable handles. (in: 12 x 24 x 36) (mm: 305 x 610 x 914) above deck
2887467,DC36-642S6DS-1795,nan
2887463,DC36-48-4S6DS-1795,nan
2887475,DC48-128-4S-5295,nan
2887487,DC48-842S6DS-5295,nan
2887471,DC48-114-6DS-1795,nan
2887495,DCBDLP584RDR-1795,"36"" Wide Cabinet with 58 Bins, 1 Shelf, 12 Door Shelves & 4 Drawers "
2887499,DCBDLP694RDR-5295,nan
2887479,DC48-176-95,nan
2887483,DC48-724S6DS-1795,nan
2887491,DC-BDLP-132-95,nan
2887519,DWBM-3060-BE-95,Lips up on 3 sides
2887507,DWB-3048-177-95,nan
2887515,DWB-3072-BE-PB-95,Heavy Duty Workbench with 72W x 24H Pegboard Back Panel 
2887503,DCBDLP724RDR-95,nan
2887527,EAS-1836-95,Open Access Cart 
2887455,BCT-2896-10K-95,8' length with 4 cradles
2887443,AF-3048-PB-95,A-Frame truck with Pegboard on Both Sides
2887531,EGCC4-50,Horizontal Cylinder Storage Cabinet - Holds 4 Cylinders
2887523,DWBM-3072-BE-95,Lips On 3 Sides 
2887555,EMDC-361872-95,nan
2887539,EMDC-2602-BLP-2S-95,All Welded 16 Gauge Construction
2887551,EMDC-361872-18B-2S-95,Clearview Cabinets with Hook-On Bins® and Shelves
2887559,EMDC36242S15B95,Clearview Cabinets with Hook-On Bins® and Shelves
2887547,EMDC-361848-95,nan
2887543,EMDC36182S15B95,Clearview Cabinets with Hook-On Bins® and Shelves
2887563,EMDC-362472-18B-2S-95,Clearview Cabinets with Hook-On Bins® and Shelves
2887567,EMDC-362472-4S-95,nan
2887575,EMDC-481872-42B-5295,Clearview Cabinets with Hook-On Bins®
2887579,EMDC-481872-6B-3S-95,Clearview Cabinets with Hook-On Bins® and Shelves
2887571,EMDC-481872-24B-2S-1795,Clearview Cabinets with Hook-On Bins® and Shelves
2887583,EMDC-482472-24B-2S-95,Clearview Cabinets with Hook-On Bins® and Shelves
2887587,EMDC-482472-6B-3S-1795,Clearview Cabinets with Hook-On Bins® and Shelves
2887599,FDC-SH-3624-95,nan
2887591,EMDC-482472-PB-2S-95,48 Wide Ventilated 5-S Storage Cabinet with Steel Pegboard and 2 Adjustable Shelves
2887603,FDC-SH-6024-95,nan
2887595,EX-3048-2SC-6PH-95,nan
2887607,FS-SH-1439,nan
2887667,HDC36-108-3S5295,nan
2887659,HDC-246066-3S95,nan
2887675,HDC36-60-2S6D5295,nan
2887663,HDC36-102-3S1795,nan
2887687,HDC48-162-5295,12 Gauge Cabinet with 162 Hook-On-Bins
2887695,HDC60-156-3S95,nan
2887655,HDC-243678-4S95,nan
2887651,HDC-203678-4S95,nan
2887699,HDC60-72DC18TB5B95,nan
2887691,HDC48-84-2S6D5295,nan
2887715,HDCD243678-120-4M95,nan
2887711,HDCC244842-2S95,12 Gauge Countertop Clearview Shelf Cabinet
2887683,HDC48-134-3S1795,nan
2887671,HDC36-126-95,12 Gauge Cabinet with 126 Hook-On-Bins
2887719,HDCD243678-8M95,nan
2887727,HDCM36-30-5295,Mobile Cabinet with Hook-On Bins 
2887723,HDCM36-12-2S1795,Mobile Cabinet with Hook-On Bins and Shelves
2887703,HDC72-240-1795,12 Gauge Cabinet with 240 Hook-On-Bins
2887731,HDCM48-18-2S5295,Mobile Cabinet with Hook-On Bins and Shelves
2887735,HDCM48-42-95,Mobile Cabinet with Hook-On Bins
2887739,HDCO246078-4S95,12 Gauge Cabinet with 4 Shelves. (for outdoor use) 
2887707,HDCC203636-2S95,12 Gauge Countertop Clearview Shelf Cabinet
2887751,HDC-SH-2430-95,nan
2887755,HDC-SH-2460-95,nan
2887759,HDCV246078-4S95,12 Gauge ventilated cabinets 
2887763,HDCV36-30B-1795,12 Gauge Cabinets
2887771,HDCV48-18B-3S95,12 Gauge Cabinets
2887767,HDCV36-6B-3S5295,12 Gauge Cabinets
2887747,HDC-SH-2024-95,nan
2887775,HDCV48-42B-1795,12 Gauge Cabinets
2887791,HDDS247278-8S95,nan
2887803,HDS-HUP-72,High Additional Uprights
2887811,HDWC243678-5S95,nan
2887779,HDCV60-12B-3S5295,12 Gauge Cabinets
2887795,HDJC244878-156-4S1795,nan
2887799,HDJC246078-4S95,nan
2887787,HDDS244878-8S95,nan
2887831,HET-3672-2-95,nan
2887823,HET-3048-2-5K-95,nan
2887783,HDCV60-54B-95,12 Gauge Cabinets
2887819,HET-2436-3-5K-95,nan
2887835,HMT-2436-2-95,nan
2887839,HMT-3048-2-95,nan
2887815,HDWC246078-5S95,nan
2887847,HTL-3060-DD-2AS-95,nan
2887867,HWBMT-366030-95,Extra Heavy Duty Machine Tables - Top shelf Only
2887871,HWBMT-367234-95,Extra Heavy Duty Machine Tables - Top shelf Only
2887875,JC-171-1795,nan
2887879,JC-482478-4S-95,nan
2887843,HMT-3672-2-95,nan
2887883,JCBDLP694RDR-5295,nan
2887891,LDO-2436-2-95,Low Deck Service Truck
2887903,LDO-3060-2-ALU-95,Low Deck Service Truck
2887911,LPRDS-34.5X68-95,Free Standing Louvered Panel Rack 
2887887,JCBDLP724RDR-95,nan
2887895,LDO-2448-2-95, Low Deck Service Truck
2887863,HWBMT-364824-95,Extra Heavy Duty Machine Tables - Top shelf Only
2887931,MBC-3060-95,nan
2887899,LDO-3048-2-95, Low Deck Service Truck
2887923,LPW-46X64-95,Wall Mountable Louvered Panel (include 2 panels)
2887935,MSB9-2036-95,9 Opening Mobile Storage Bin
2887947,MT243630-2K295,Medium Duty Machine Tables - 2 Shelves
2887951,MT244818-2K195,Medium Duty Machine Tables - Top Shelf Only
2887967,MTD243618-2K195,Medium Duty Machine Tables With Drawer and Top Shelf Only
2887971,MTD243642-2K195,Medium Duty Machine Tables With Drawer and Top Shelf Only
2887987,MTDM244818-2K195,Mobile Medium Duty Machine Tables with Drawer & Top Shelf Only
2887975,MTD244836-2K195,Medium Duty Machine Tables With Drawer and Top Shelf Only
2887963,MTD182424-2K195,Medium Duty Machine Tables With Drawer and Top Shelf Only
2887979,MTDM182430-2K195,Mobile Medium Duty Machine Tables with Drawer & Top Shelf Only
2887991,MTDM244842-2K195,Mobile Medium Duty Machine Tables with Drawer & Top Shelf Only
2887955,MT244836-2K195,Medium Duty Machine Tables - Top Shelf Only
2887983,MTDM243624-2K195,Mobile Medium Duty Machine Tables with Drawer & Top Shelf Only
2888015,MTM364836-3K295,Mobile Heavy Duty Machine Tables - 2 Shelves
2888011,MTM244836-3K295,Mobile Heavy Duty Machine Tables - 2 Shelves
2888027,OPT-4224-95,nan
2888003,MTM243630-2K395,Mobile Medium Duty Machine Tables - 3 Shelves
2888023,OPC-2448-3-95,"3 Shelf Order Picking Cart with writing surface & 1-1/2"" (38mm) lip to retain paper and pens "
2887939,MT182430-2K195,Medium Duty Machine Tables - Top Shelf Only
2887999,MTM243618-2K195,Mobile Medium Duty Machine Tables - Top Shelf Only
2887995,MTM182436-2K195,Mobile Medium Duty Machine Tables - Top Shelf Only
2888031,OPT-7224-95,nan
2888043,PSD-2430-4-D-95,4 Shelf Portable Shop Desk with Drawer
2888075,RIC-306050-3-95,3 Shelf Rolling Instrument Cart
2888039,PM-2831-OD-95,Panel Movers 
2888035,PAT-24-6-9-95,"Pan & Tray Truck with 6"" (153mm) spacing between trays"
2888079,RSC12-2436-2-3.6K-95,2 Shelf Stock Carts with 12 Lips Up
2888087,RSC-1836-5-95,5 Shelf Stock Cart
2888091,RSC-2430-2-95,2 Shelf Stock Cart
2888099,RSC-2436-3-3K-TLD-95,3 Shelf Stock Carts
2888115,RSC-2448-5-3K-95,5 Shelf Stock Cart
2888127,RSC-3060-3-3K-95,3 Shelf Stock Carts
2888119,RSC-3048-2-2.4K-ALU-FL-95,2 Shelf Stock Cart with Floor Lock
2888107,RSC-2448-2-2.4K-ALU-FL-95,2 Shelf Stock Cart with Floor Lock
2888123,RSC-3048-5-95,5 Shelf Stock Cart
2888139,RSC-3672-5-95,5 Shelf Stock Cart
2888103,RSC-2436-5-95,5 Shelf Stock Cart
2888131,RSC-3060-5-3K-95,5 Shelf Stock Cart
2888163,RSCE-2448-2-3.6K-TLD-95,Heavy Rolling Stock Cart with Ergonomic Handle-
2888159,RSCE-2436-2-95,Rolling Stock Cart with Ergonomic Handle
2888135,RSC3-1836-2-95,2 Shelf Stock Carts with 3 Lips Up
2888143,RSC6-2436-2-3.6K-95,2 Shelf Stock Carts with 6 Lips Up
2888147,RSCE-1830-2-3.6K-ALD-95,Heavy Rolling Stock Cart with Ergonomic Handle-
2888167,RSCE-3048-2-3.6K-ALD-95,Heavy Rolling Stock Cart with Ergonomic Handle-
2888179,RSCR-2448-ALD-95,2 Shelf Stock Cart with Raised Handle (All lips down)
2888183,RSCR-3060-ALD-95,2 Shelf Stock Cart with Raised Handle (All lips down)
2888195,SSC-185-3S-95,nan
2888007,MTM244824-2K195,Mobile Medium Duty Machine Tables - Top Shelf Only
2888171,RSCE-3060-2-3.6K-95,Heavy Duty Rolling Stock Cart with Ergonomic Handle
2888095,RSC-2436-2-95,2 Shelf Stock Cart
2888151,RSCE-1836-2-3.6K-95,Heavy Rolling Stock Cart with Ergonomic Handle
2888203,SSC-227-NL-5295,nan
2888187,SJC-BDLP-192-1795,nan
2888207,SSC-602484-5S-95,nan
2888175,RSCE-3060-2-TLD-95,Rolling Stock Cart with Ergonomic Handle-
2888211,SSC-722484-BDLP-2123S5295,"Lockable, 212 Bin Cabinet with 3 Adjustable Shelves "
2888199,SSC-227-1795,nan
2888215,SSC-722484-BDLP-264-95,"72"" (mm: 1829) Super Wide Jumbo Cabinet with 264 Hook-On® Bins"
2888227,WBF-3060-95,nan
2888223,TRS-3630-95,"Solid Tray for use in 30"" deep models"
2888235,WBF-4896-95,nan
2888243,WBF-TH-3696-95,nan
2888239,WBF-TH-3096-95,nan
2888231,WBF-3660-95,nan
2888247,WB-SHELF-60-95,"60"" long"
2888287,226-95,Small Empty Metal Shell
2888307,B576-43-HIPS,(36 Unit HIPS) With fold-down polypropylene combination handle/hanger.
2888323,B276-43-HIPS,(10 Unit HIPS) With fold-down polypropylene combination handle/hanger.
2888359,525G-43,"(10P) One piece construction with living hinge and gasket. Features positive catches, combination handle/hanger and seal pin hole. Also available without gasket (MODEL 525-43)."
2888355,511-43,16P without gasket
2888347,520-43,(50 kit) Includes carrying handle and wall mounting hangers.
2886906,1012SL-50,"FM Approved, 12 Gallon, Self closing doors, Flammable Storage Cabinet with Legs "
2888295,DSH-184-95,nan
2887086,317-95,64 bin plastic drawer cabinet. Overall Bin dimensions are 2-13/16 x 5-15/32 x 1-7/8
2888299,PB30171-08,Divider (Vertical)
2887431,730-95,"Fully hemmed 1-1/8""(29mm) bin fronts to hold labels and retain parts"
2887066,304-95,"Rack base (20 9/16"" W x 16-1/8 3/4"" D X 15"" H; weight 15 lbs.) is available for use with models 302-95 and 303-95."
2886918,1030SL-50,"FM Approved, 30 Gallon, Self closing doors, Flammable Storage Cabinet with Legs "
2887006,2501-4S-95,nan
2887511,DWB-3060-BE-PB-95,Heavy Duty Workbench with 60W x 24H Pegboard Back Panel 
2886922,1045SL-50,"FM Approved, 45 Gallon, Self closing doors, Flammable Storage Cabinet with Legs "
2887535,EGCVC2-50,Vertical Cylinder Storage Cabinet - Holds 2 Cylinders
2886946,1241-95,Adjustable Steel Divider Gray powder coat paint 
2887679,HDC36-96-4S95,nan
2887915,LPRSS-34.5X20-95,Free Standing Louvered Panel Rack
2887919,LPW-34.5X12-95,Wall Mountable Louvered Panel (include 2 panels)
2887110,3501-4S-95,14 Gauge Cabinet with
2887943,MT183630-2K395,Medium Duty Machine Tables - 3 Shelves
2888071,RIC-2448-2-95,2 Shelf Rolling Instrument Cart 
2888111,RSC-2448-3-3K-TLD-95,3 Shelf Stock Carts
2888019,OPC-1836-3-95,"3 Shelf Order Picking Cart with writing surface & 1-1/2"" (38mm) lip to retain paper and pens "
2888251,099-95,Horizontal adjustable compartment box with twelve dividers.
2888219,TR-1502-95,"3"" Closed Front Style"
2887959,MT304836-3K295,Heavy Duty Machine Tables - 2 Shelves
2888303,PB30178-08,Divider (Horizontal)
2888319,508-43,(24 Unit) One partition.
2888331,15007-95,Rotabin® Pan (available in Gray)
2888327,PB30230-52,Dividers: order PB30171
2886907,1016M-50,FM Approved Manual Closing Safety Cabinet 
2886899,1004M-50,Flammable Safety Cabinet
2886915,1030M-50,FM Approved Manual Closing Safety Cabinet 
2886991,2221-95,nan
2888351,PB30220-17,Dividers: order PB30166
2886919,1045M-50,FM Approved Manual Closing Safety Cabinet 
2887432,735-95,"Fully hemmed 1-1/8""(29mm) bin fronts to hold labels and retain parts"
2887019,2501M-BLP-4S-95,Mobile Cabinet with 4 Shelves
2887180,3603-156B-95,nan
2887516,DWB-3072-BE-RSR-95,Riser is 16H x 13D and includes Louvered Back Panel. (also includes electrical strip with 5 outlets)
2887131,3501-DLP-72/40B-96-95,36 Wide Small Parts Storage & Security Cabinet with 112 Steel Pigeon Hole Bins & 96 Hook-on Bins 
2887336,4STE-EX-2436-95,4 Sided Mesh Box Truck with Ergonomic Handle
2887700,HDC72-192-3S1795,nan
2887784,HDDS243666-6S95,nan
2887680,HDC36-DC12TB4S95,nan
2887456,BCTE-2860-4K-95,5' length with 3 cradles
2887812,HDWC243678-7M95,nan
2888152,RSCE-1836-2-3.6K-ALD-95,Heavy Rolling Stock Cart with Ergonomic Handle-
2888220,TRM-2430-95,"Perforated Tray for use in 24"" deep models"
2887240,398-95,nan
2888224,VBR-8436-95,Vertical Long Parts Storage Rack
2888155,RSCE-1836-2-TLD-95,Rolling Stock Cart with Ergonomic Handle-
2888352,PB30220-21,Dividers: order PB30166
2887340,4STE-SM-2436-95,4 Sided Solid Box Truck with Ergonomic Handle
2886864,003-95,8 Drawers feature sides slotted on one inch centers to hold high impact plastic dividers in place. They also have two easy glide runners and full width handles.
2888356,511G-43,(16P) One piece construction with living hinge and gasket. Features positive catches and combination handle/hanger. Also available  without gasket
2886872,016-95,20 bin plastic drawer cabinet. Overall Bin dimensions are 2-13/16 x 5-15/32 x 1-7/8
2886880,027-95,"30 Drawer Cabinet Systems-with 17"" Deep Extra large capacity drawers"
2886908,1016ML-50,"FM Approved, 16 Gallon, manual closing, Flammable Storage Cabinet with Legs "
2886924,1060M-50,FM Approved Manual Closing Safety Cabinet 
2886932,1090S-50,FM Approved Self Closing Safety Cabinet
2886884,031-95,24 Drawers feature sides slotted on one inch centers to hold high impact plastic dividers in place. They also have two easy glide runners and full width handles.
2886936,1106-95,"17""(432mm) Diameter Rotabin®"
2886892,056-95,Utility Cabinet AU3 with adjustable shelves
2886900,1004S-50,Flammable Safety Cabinet
2886920,1045ML-50,"FM Approved, 45 Gallon, manual closing, Flammable Storage Cabinet with Legs "
2886868,007-95,24 Drawers feature sides slotted on one inch centers to hold high impact plastic dividers in place. They also have two easy glide runners and full width handles.
2886896,060-95-WSS,Wall Mountable Cabinet with Slotted Shelf
2886980,2210A-PB-LU-95,nan
2886972,2200-95,nan
2886888,035-95,30 Drawers feature sides slotted on one inch centers to hold high impact plastic dividers in place. They also have two easy glide runners and full width handles.
2886960,1341-95,Adjustable Steel Divider
2887004,2500-138B-95,16 Gauge Cabinets with Hook-On Bins
2886988,2212A-TH-LU-95,nan
2886984,2211-DLP-6DR-RM-9B-95,nan
2887008,2501-BDLP-102-3S-5295,16 Gauge Cabinets with Hook-On Bins and Shelves
2887016,2501M-BLP-30-1795,Mobile Cabinet with Hook-On Bins 
2887012,2501-BDLP-126-95,16 Gauge Cabinets with Hook-On Bins
2887024,2502-186-5295,16 Gauge Cabinets with Hook-On Bins
2887020,2502-138-3S-1795,16 Gauge Cabinets with Hook-On Bins and Shelves
2887028,2502M-BLP-18-2S-5295,Mobile Cabinet with Hook-On Bins and Shelves
2887032,2502M-BLP-42-95,Mobile Cabinet with Hook-On Bins 
2887036,2505-4S-95,nan
2887040,2602-4S-95,nan
2887076,3100-BLP-18-95,nan
2887056,2SPT-3060-2-2K-95,"All welded, heavy duty 14 gauge steel stock truck with phenolic casters, (2) swivel and (2) rigid and 2 shelves, tubular handle allows easy mobility. Ships fully assembled and ready for use. "
2887084,315-95,"Large Rack base (15 1/2"" W X 15 1/8"" H X 12 1/8"" D; weight 12 lbs.) is available for all small slide racks (models 306-95, 307-95 and 308-95)."
2887092,329-95,nan
2887096,3401-95,nan
2887100,3405-95,Stationary Workstation with 5 Drawers
2887108,3500-95,14 Gauge Cabinet with
2887104,349-95,40 Opening BIn 
2887044,2603-4S-95,nan
2887112,3501524RDR-5295,"36"" Wide Cabinet with 52 Bins, 1 Shelf, 12 Door Shelves & 4 Drawers "
2887116,3501584RDR-95,"36"" Wide Cabinet with 58 Bins, 1 Shelf, 12 Door Shelves & 4 Drawers "
2887052,2SPT-2448-2-2K-95,"All welded, heavy duty 14 gauge steel stock truck with phenolic casters, (2) swivel and (2) rigid and 2 shelves, tubular handle allows easy mobility. Ships fully assembled and ready for use. "
2887136,3501M-BLP-12-2S-1795,Mobile Cabinet with Hook-On Bins and Shelves
2887148,3502-186-95,nan
2887140,3501M-BLP-30-5295,Mobile Cabinet with Hook-On Bins 
2887144,3502-138-3S-5295,nan
2887132,3501-DLP-PB-96-2S-1795,"36 Wide 5-S Storage Cabinet with Steel Pegboard, 96 Bins and 2 Adjustable Shelves"
2887120,3501-BDLP-102-3S-95,nan
2887152,3502M-BLP-18-2S-5295,Mobile Cabinet with Hook-On Bins and Shelves
2887156,3502M-BLP-42-95,Mobile Cabinet with Hook-On Bins 
2887168,3601-95,14 Gauge Cabinet with
2887177,3602-BLP-95,nan
2887160,351-95,nan
2887164,357-95,nan
2887181,3603-95,14 Gauge Cabinet with
2887193,367-95,Threaded Rod Rack
2887185,363-95,nan
2887189,364-95,"Base for 12""(305mm) Deep Parts Bins"
2887197,3701-3S-95,14 Gauge Cabinet with
2887172,3602-BLP-14-2S-95,nan
2887205,3702CX-BLP4S-95,Heavy Duty Access Control Cabinet with Electronic Lock and Audit Trail Software. 
2887209,3702CXC-BLP4S-95,Heavy Duty Access Control Cabinet with Electronic Lock and Audit Trail Software. 
2887201,3702-16-3S-1795,nan
2887217,3704CX-BLP4S-95,Heavy Duty Access Control Cabinet with Electronic Lock and Audit Trail Software. 
2887213,3703CXC-42B-5295,Access Control Cabinet with Audit Trail - Hook-On Bins Included
2887225,379-95,"Bin Topper - Fits Models: 329, 330, 351, 353, 354, 356, 357, 359, 360, 361, 363, 396, 397, 398, 399, 725, 730, 735, 740, 745."
2887221,3704CXC-BLP4S-95,Heavy Duty Access Control Cabinet with Electronic Lock and Audit Trail Software. 
2887233,3950-3S-95,* Features space-saving bi-folding doors 
2887245,3SLT-2436-2K-95,3 Sided Low Deck Stock Truck
2887229,384-95,2 Rod Rack
2887241,399-95,nan
2887249,3SLT-3048-2K-95,3 Sided Low Deck Stock Truck
2887257,3ST-EX3060-2AS-95,3 Sided Mesh Stock Truck
2887261,3ST-EX3660-2AS-95,3 Sided Mesh Stock Truck
2887277,401-55,23 Pocket 
2887265,3ST-EX3672-2AS-95,3 Sided Mesh Stock Truck
2887253,3ST-EX3048-2AS-95,3 Sided Mesh Stock Truck
2887269,400-10,20 Pocket 
2887128,3501-DLP-60DR11-96-2S-95,36 Wide Small Parts Storage & Security Cabinet with 60 Jumbo Drawers & 96 Hook-On Bins�
2887297,406-08,10 Pockets Literature Rack (large)
2887301,407-08-A,Optional Legs for models 405 and 411
2887285,402-95,11 Pocket 
2887281,402-10,11 Pocket 
2887289,403-55,5 Pocket 
2887313,411-75,20 Pockets Literature Rack (large)
2887329,459-75,Optional Laminated Wood Top Fits All Horizontal Literature Racks
2887341,4STE-SM-2448-95,4 Sided Solid Box Truck with Ergonomic Handle
2887345,5002-18-5295,12 Gauge Heavy Duty Enclosed Shelving with Hook-On Bins
2887353,5006-30-5295,12 Gauge Heavy Duty Enclosed Shelving with Hook-On Bins
2887349,5003-30-5295,12 Gauge Heavy Duty Enclosed Shelving with Hook-On Bins
2887365,5011-30-5295,12 Gauge Heavy Duty Enclosed Shelving with Hook-On Bins
2887325,432-08,12 Opening Horizontal Literature Rack
2887333,4SLT-2448-1.2K-95,4 Sided Low Deck Stock Truck
2887361,5010-30-5295,12 Gauge Heavy Duty Enclosed Shelving with Hook-On Bins
2887377,5018-42-1795,12 Gauge Heavy Duty Enclosed Shelving with Hook-On Bins
2887393,518-43-PD,Medicine Cabinet with Plexiglass Door
2887337,4STE-EX-2448-95,4 Sided Mesh Box Truck with Ergonomic Handle
2887373,5015-42-5295,12 Gauge Heavy Duty Enclosed Shelving with Hook-On Bins
2887401,534AV-50,Wall Mountable Spill Control Cabinet
2887405,562-H719,This 5-Pocket Plastic Door Pouch is used with the 8 Cabinet (Model 562-43.)
2887381,5019-54-1795,12 Gauge Heavy Duty Enclosed Shelving with Hook-On Bins
2887389,5023-72-1795,12 Gauge Heavy Duty Enclosed Shelving with Hook-On Bins
2887413,580-95,6 Spool Tubing Dispenser
2887385,5022-48-1795,12 Gauge Heavy Duty Enclosed Shelving with Hook-On Bins
2887437,905-08-S702,5 Loop Clamp Rack
2887425,610-95,Includes four drawers ideal for storing larger items. Features locking hinges to hold drawers in place in a moving vehicle. Padlock not provided.
2887357,5007-42-5295,12 Gauge Heavy Duty Enclosed Shelving with Hook-On Bins
2887421,5WT-3060-12MR-95,"All welded 14 gauge steel platform truck with 12"" mold-on rubber casters, (2) swivel and (2) rigid"
2887445,AF-3048-PBLP-BS-95,A-Frame Truck with Louvered Panels and Pegboard on Both Sides
2887449,APT-2448-95,14 Gauge Steel Construction; 6 removable handles. (in: 12 x 24 x 36) (mm: 305 x 610 x 914) above deck
2887453,ATT-4038-95,Double Sided Adjust-A-Tray Truck
2887465,DC36-48-4S6DS-95,nan
2887469,DC36-642S6DS-95,nan
2887369,5014-30-5295,12 Gauge Heavy Duty Enclosed Shelving with Hook-On Bins
2887473,DC48-114-6DS-95,nan
2887441,AF-3048-95,A-Frame Truck 
2887461,DC-243636-48-2S-5295,nan
2887493,DCBDLP524RDR-5295,"36"" Wide Cabinet with 52 Bins, 1 Shelf, 12 Door Shelves & 4 Drawers "
2887485,DC48-724S6DS-95,nan
2887509,DWB-3060-BE-95,Heavy Duty Workbench with Back and End Stops
2887513,DWB-3072-BE-95,Heavy Duty Workbench with Back and End Stops
2887521,DWBM-3060-BE-PB-95,Mobile Work Bench with Pegboard Panel Top 
2887517,DWB-3672-177-95,nan
2887489,DC-BDLP-132-1795,nan
2887529,EGCC12-50,Horizontal Cylinder Storage Cabinet - Holds 12 Cylinders
2887501,DCBDLP724RDR-1795,nan
2887525,DWBM-3660-BE-LP-95,Mobile Work Bench with Louvered Panel Top 
2887545,EMDC361845B5295,Clearview Cabinets with Hook-On Bins®
2887541,EMDC36182S15B1795,Clearview Cabinets with Hook-On Bins® and Shelves
2887533,EGCC8-9-50,Combination Cylinder Storage Cabinet - Holds 9 Vertical & 8 Horizontal
2887557,EMDC36242S15B1795,Clearview Cabinets with Hook-On Bins® and Shelves
2887505,DC-DLP-96-4S-5295,nan
2887497,DCBDLP584RDR-95,"36"" Wide Cabinet with 58 Bins, 1 Shelf, 12 Door Shelves & 4 Drawers "
2887549,EMDC-361872-18B-2S-1795,Clearview Cabinets with Hook-On Bins® and Shelves
2887561,EMDC-362472-18B-2S-1795,Clearview Cabinets with Hook-On Bins® and Shelves
2887553,EMDC-361872-30B-5295,Clearview Cabinets with Hook-On Bins®
2887565,EMDC-362472-30B-5295,Clearview Cabinets with Hook-On Bins®
2887569,EMDC-362484-95,nan
2887581,EMDC-482472-24B-2S-1795,Clearview Cabinets with Hook-On Bins® and Shelves
2887577,EMDC-481872-6B-3S-1795,Clearview Cabinets with Hook-On Bins® and Shelves
2887585,EMDC-482472-42B-5295,Clearview Cabinets with Hook-On Bins®
2887589,EMDC-482472-6B-3S-95,Clearview Cabinets with Hook-On Bins® and Shelves
2887593,EPT-3048-95,"All welded 12 gauge steel platform truck with 6"" x 2"" phenolic bolt-on casters, (2) swivel and (2) rigid"
2887573,EMDC-481872-24B-2S-95,Clearview Cabinets with Hook-On Bins® and Shelves
2887293,405-08,11 Pockets Literature Rack (large)
2887601,FDC-SH-4824-95,nan
2887609,FS-SH-2939,nan
2887649,HDC-203636-2S95,12 Gauge Counter Top Cabinet
2887653,HDC-243642-2S95,12 Gauge Counter Top Cabinet
2887633,HB-36-95,"4""H x 36""L = 102mm x 914mm"
2887605,FED-2023-95,Mobile Shop Desk Cart
2887673,HDC36-24DC24TB2S95,nan
2887661,HDC-247266-3S95,nan
2887681,HDC36-DC16TB4DR2S95,nan
2887665,HDC36-102-3S95,nan
2887669,HDC36-126-1795,12 Gauge Cabinet with 126 Hook-On-Bins
2887677,HDC36-96-4S1795,nan
2887657,HDC-244866-3S95,nan
2887685,HDC48-134-3S95,nan
2887697,HDC60-198-5295,12 Gauge Cabinet with 198 Hook-On-Bins
2887701,HDC72-192-3S5295,nan
2887709,HDCC243636-2S95,12 Gauge Countertop Clearview Shelf Cabinet
2887717,HDCD243678-3M95,nan
2887693,HDC60-156-3S1795,nan
2887713,HDCC244878-4S95,12 Gauge Clearview Shelf Cabinet
2887729,HDCM36-4S-95,Mobile Cabinet with 4 Shelves
2887721,HDCD246078-6B95,nan
2887737,HDCO243678-4S95,12 Gauge Cabinet with 4 Shelves. (for outdoor use) 
2887733,HDCM48-42-1795,Mobile Cabinet with Hook-On Bins
2887749,HDC-SH-2418-95,nan
2887725,HDCM36-12-2S95,Mobile Cabinet with Hook-On Bins and Shelves
2887741,HDCP244878-4S95,12 Gauge Extra Heavy Duty Shelf Cabinet with PegBoard Doors. 
2887753,HDC-SH-2442-95,nan
2887761,HDCV36-12B-2S5295,12 Gauge Cabinets
2887757,HDCV243678-4S95,12 Gauge ventilated cabinets 
2887765,HDCV36-30B-95,12 Gauge Cabinets
2887769,HDCV48-18B-3S1795,12 Gauge Cabinets
2887777,HDCV48-42B-95,12 Gauge Cabinets
2887773,HDCV48-24B-2S5295,12 Gauge Cabinets
2887789,HDDS246078-8S95,nan
2887793,HDJC243678-4S95,nan
2887781,HDCV60-54B-1795,12 Gauge Cabinets
2887785,HDDS243678-8S95,nan
2887797,HDJC244878-156-4S95,nan
2887813,HDWC244878-5S95,nan
2887801,HDS-2448-95,nan
2887837,HMT-2448-2-95,nan
2887833,HMT-1836-2-95,nan
2887829,HET-3648-2-95,nan
2887845,HSR-303085-95,nan
2887841,HMT-3060-2-95,nan
2887817,HET-2436-2-5K-95,nan
2887865,HWBMT-364834-95,Extra Heavy Duty Machine Tables - Top shelf Only
2887881,JC-482478-BDLP-95,nan
2887825,HET-3048-3-5K-95,nan
2887885,JCBDLP724RDR-1795,nan
2887873,JC-137-3S-5295,nan
2887869,HWBMT-367224-95,Extra Heavy Duty Machine Tables - Top shelf Only
2887889,LDO-1830-2-95,Low Deck Service Truck
2887893,LDO-2436-3-95,Low Deck Service Truck
2887909,LIC-3060-2-95,Low Profile Instrument Cart
2887913,LPRSS-17.25X68-95,Free Standing Louvered Panel Rack
2887921,LPW-34.5X64-95,Wall Mountable Louvered Panel (include 2 panels)
2887941,MT182442-2K195,Medium Duty Machine Tables - Top Shelf Only
2887933,MSB3-2036-95,3 Opening Mobile Storage Bin
2887905,LIC-2436-2-95,Low Profile Instrument Cart
2887949,MT243636-2K195,Medium Duty Machine Tables - Top Shelf Only
2887953,MT244830-2K195,Medium Duty Machine Tables - Top Shelf Only
2887945,MT243624-2K195,Medium Duty Machine Tables - Top Shelf Only
2887897,LDO-2448-3-95,Low Deck Service Truck
2887973,MTD244824-2K195,Medium Duty Machine Tables With Drawer and Top Shelf Only
2887981,MTDM182442-2K195,Mobile Medium Duty Machine Tables with Drawer & Top Shelf Only
2887965,MTD182436-2K195,Medium Duty Machine Tables With Drawer and Top Shelf Only
2887977,MTDM182418-2K195,Mobile Medium Duty Machine Tables with Drawer & Top Shelf Only
2887985,MTDM243636-2K195,Mobile Medium Duty Machine Tables with Drawer & Top Shelf Only
2887901,LDO-3048-3-95,Low Deck Service Truck
2887969,MTD243630-2K195,Medium Duty Machine Tables With Drawer and Top Shelf Only
2887993,MTM182424-2K195,Mobile Medium Duty Machine Tables - Top Shelf Only
2887997,MTM183630-2K295,Mobile Medium Duty Machine Tables - 2 Shelves
2888021,OPC-2436-3-95,"3 Shelf Order Picking Cart with writing surface & 1-1/2"" (38mm) lip to retain paper and pens "
2888025,OPC-3060-3-95,"3 Shelf Order Picking Cart with writing surface & 1-1/2"" (38mm) lip to retain paper and pens "
2887989,MTDM244830-2K195,Mobile Medium Duty Machine Tables with Drawer & Top Shelf Only
2888005,MTM243642-2K195,Mobile Medium Duty Machine Tables - Top Shelf Only
2888037,PAT-36-6-9-95,"Pan & Tray Truck with 6"" (153mm) spacing between trays"
2887961,MT367236-3K295,Heavy Duty Machine Tables - 2 Shelves
2887957,MT244842-2K195,Medium Duty Machine Tables - Top Shelf Only
2888033,OPT-7236-95,nan
2888013,MTM246030-2K295,Mobile Medium Duty Machine Tables - 2 Shelves
2888029,OPT-4830-95,nan
2888001,MTM243630-2K195,Mobile Medium Duty Machine Tables - Top Shelf Only
2888041,PSD-2430-3-D-95,3 Shelf Portable Shop Desk with Drawer
2888069,RIC-2436-2-95,2 Shelf Rolling Instrument Cart 
2888089,RSC-1836-BLP-112-220-95,Heavy Duty Bin Service Carts
2888073,RIC-3036-2-95,2 Shelf Rolling Instrument Cart 
2888085,RSC-1836-2-95,2 Shelf Stock Cart
2888093,RSC-2436-2-2DR-95,nan
2888097,RSC-2436-2-PB-2DR-95,nan
2888077,RSC12-1830-2-3.6K-95,2 Shelf Stock Carts with 12 Lips Up
2888117,RSC-3036-2-2DR-95,nan
2888081,RSC-1830-2-95,2 Shelf Stock Cart
2888109,RSC-2448-2-95,2 Shelf Stock Cart
2888105,RSC-2436-BLP-64-210-95,Heavy Duty Bin Service Carts
2888121,RSC-3048-2-95,2 Shelf Stock Cart
2888145,RSC6-2448-2-3.6K-95,2 Shelf Stock Carts with 6 Lips Up
2888149,RSCE-1830-2-95,Rolling Stock Cart with Ergonomic Handle
2888137,RSC3-2436-2-95,2 Shelf Stock Carts with 3 Lips Up
2888157,RSCE-2436-2-3.6K-ALD-95,Heavy Rolling Stock Cart with Ergonomic Handle-
2888141,RSC6-1830-2-95,2 Shelf Stock Carts with 3 Lips Up
2888173,RSCE-3060-2-3.6K-TLD-95,Heavy Rolling Stock Cart with Ergonomic Handle-
2888165,RSCE-2448-2-TLD-95,Rolling Stock Cart with Ergonomic Handle-
2888125,RSC-3060-2-3K-TLD-95,2 Shelf Stock Cart with Ergonomic Handle-
2888153,RSCE-1836-2-3.6K-TLD-95,Heavy Rolling Stock Cart with Ergonomic Handle-
2888129,RSC-3060-3-95,3 Shelf Stock Carts
2888189,SJC-BDLP-192-95,nan
2888181,RSCR-3048-ALD-95,2 Shelf Stock Cart with Raised Handle (All lips down)
2888185,RSIC-2436-2-8PN-95,2 Shelf Instrument Cart with Drawer and Electrical Strip (Pneumatic Caster)
2888169,RSCE-3048-2-95,Rolling Stock Cart with Ergonomic Handle
2888133,RSC3-1830-2-3.6K-95,2 Shelf Stock Carts with 3 Lips Up
2888177,RSCR-2436-ALD-95,2 Shelf Stock Cart with Raised Handle (All lips down)
2888161,RSCE-2448-2-3.6K-95,Heavy Duty Rolling Stock Cart with Ergonomic Handle
2888101,RSC-2436-4-3K-95,4 Shelf Stock Cart
2888197,SSC-185-3S-NL-5295,nan
2888201,SSC-227-95,nan
2888221,TRM-3630-95,"Perforated Tray for use in 30"" deep models"
2888225,VSC-242478-95,nan
2888213,SSC-722484-BDLP-264-1795,"72"" (mm: 1829) Super Wide Jumbo Cabinet with 264 Hook-On® Bins"
2888205,SSC-602484-3S-95,nan
2888241,WBF-TH-3660-95,nan
2888233,WBF-3696-95,nan
2888249,WB-SHELF-96-95,"96"" long"
2888237,WBF-TH-3060-95,nan
2888245,WBF-TH-4896-95,nan
2888229,WBF-3096-95,nan
2888293,522-43,"(70 kit) With handle, wall mounting hangers, and one fixed shelf."
2888297,PB30162-08,Divider (Horizontal)
2888193,SSC-185-3S-1795,nan
2888321,550-43,Glove Dispenser
2888317,505-43,(16 Unit) One partition.
2888345,512G-43,(24P) One-piece construction with living hinge molded-in partition and gasket. Features positive catches and combination handle/hanger. Also available without gasket (Model 512-43); without partition (Model 512G-43-N/P)
2888361,497-43,(Multi Purpose Kit Box) Features easy to open positive catch and living hinge. 
2888349,PB30210-21,Dividers: order PB30161
2886865,004-95,9 Drawers feature sides slotted on one inch centers to hold high impact plastic dividers in place. They also have two easy glide runners and full width handles.
2886881,028-95,"60 Drawer Cabinet Systems-with 17"" Deep Extra large capacity drawers"
2886877,024-95,"30 Drawer Cabinet Systems-with 11-1/4"" Deep Extra large capacity drawers"
2886885,032-95,18 Drawers feature sides slotted on one inch centers to hold high impact plastic dividers in place. They also have two easy glide runners and full width handles.
2886889,052-43,(Spill Control/Respirator Cabinet) Two adjustable shelves. Full length plexiglass window and key holes for wall mounting.
2886873,017-95,48 Drawers feature sides slotted on one inch centers to hold high impact plastic dividers in place. They also have two easy glide runners and full width handles.
2886897,061-95-ADJFS,Wall Mountable Cabinet with adjustable Shelves 
2886933,1090SL-50,"FM Approved, 90 Gallon, Self closing doors, Flammable Storage Cabinet with Legs "
2886937,1108-95,"17""(432mm)  Diameter Rotabin®"
2886941,1141-95,"Optional Adjustable Steel Divider (for 17"" Rotabin®)"
2886917,1030S-50,FM Approved Self Closing Safety Cabinet 
2886925,1060ML-50,"FM Approved, 60 Gallon, manual closing, Flammable Storage Cabinet with Legs "
2886961,1342-95,Adjustable Steel Divider for Bulk Rotabin
2888325,PB30230-17,Dividers: order PB30171
2886973,2201-95,nan
2886977,2210-95,nan
2886921,1045S-50,FM Approved Self Closing Safety Cabinet
2887009,2501-BDLP-102-3S-95,16 Gauge Cabinets with Hook-On Bins and Shelves
2887005,2500-4S-95,nan
2886981,2211-95,nan
2887013,2501M-BLP-12-2S-1795,Mobile Cabinet with Hook-On Bins and Shelves
2886989,2213A-LU-95,nan
2887021,2502-138-3S-5295,16 Gauge Cabinets with Hook-On Bins and Shelves
2887033,2502M-BLP-4S-95,Mobile Cabinet with 4 Shelves
2887017,2501M-BLP-30-5295,Mobile Cabinet with Hook-On Bins 
2887029,2502M-BLP-18-2S-95,Mobile Cabinet with Hook-On Bins and Shelves
2887073,309B-95,"Rack base (20 5/8"" W X 15 5/8"" H X 12 5/8"" D; weight 13 lbs.) is available for use with 310B-95, 309B-95, 305B-95."
2887057,3000-95,nan
2887037,2506-4S-95,nan
2887041,2603-156B-1795,16 Gauge Cabinets with Hook-On Bins
2887097,3402-95,nan
2887093,330-95,nan
2887101,343-95,8 1/2%u201D Deep Utility Cabinet with Lock and 4 sections
2887113,3501524RDR-95,"36"" Wide Cabinet with 52 Bins, 1 Shelf, 12 Door Shelves & 4 Drawers "
2887105,3500-138B-1795,nan
2887077,3100-BLP-20-95,nan
2887129,3501-DLP-72/40B-96-1795,36 Wide Small Parts Storage & Security Cabinet with 112 Steel Pigeon Hole Bins & 96 Hook-on Bins 
2887133,3501-DLP-PB-96-2S-5295,"36 Wide 5-S Storage Cabinet with Steel Pegboard, 96 Bins and 2 Adjustable Shelves"
2887117,3501-95,14 Gauge Cabinet with
2887121,3501-BDLP-132-1795,nan
2887149,3502-4S-95,nan
2887153,3502M-BLP-18-2S-95,Mobile Cabinet with Hook-On Bins and Shelves
2887161,353-95,nan
2887174,3602-BLP-36-1795,nan
2887186,363LP-95,72 Opening Bin with Side Louvered Panels
2887165,358-95,nan
2887157,3502M-BLP-4S-95,Mobile Cabinet with 4 Shelves
2887137,3501M-BLP-12-2S-5295,Mobile Cabinet with Hook-On Bins and Shelves
2887145,3502-138-3S-95,nan
2887141,3501M-BLP-30-95,Mobile Cabinet with Hook-On Bins 
2887182,360-95,nan
2887194,368-95,4 Rod Rack 
2887206,3702CXC-30B-1795,Access Control Cabinet with Audit Trail - Hook-On Bins Included
2887210,3703-4S-95,nan
2887202,3702-16-3S-5295,nan
2887218,3704CXC-54B-1795,Access Control Cabinet with Audit Trail - Hook-On Bins Included
2887178,3603-156B-1795,nan
2887214,3703CXC-42B-95,Access Control Cabinet with Audit Trail - Hook-On Bins Included
2887025,2502-186-95,16 Gauge Cabinets with Hook-On Bins
2887226,381-95,Keystock Rack
2887238,396-95,nan
2887234,3951-3S-95,* Features space-saving bi-folding doors 
2887198,3702-132-1795,nan
2887242,3SLT-1836-1.2K-95,3 Sided Low Deck Stock Truck
2887250,3ST-EX2448-95,3 Sided Mesh Stock Truck
2887254,3ST-EX3048-3AS-95,3 Sided Mesh Stock Truck
2887230,385-95,Aerosol can caddy with six sections
2887258,3ST-EX3060-3AS-95,3 Sided Mesh Stock Truck
2887246,3SLT-2448-1.2K-95,3 Sided Low Deck Stock Truck
2887270,400-54,20 Pocket 
2887282,402-54,11 Pocket 
2887294,405-54,11 Pockets Literature Rack (large)
2887274,401-08,23 Pocket 
2887286,403-08,5 Pocket 
2887262,3ST-EX3660-3AS-95,3 Sided Mesh Stock Truck
2887298,406-54,10 Pockets Literature Rack (large)
2887290,403-75,5 Pocket 
2887278,401-75,23 Pocket 
2887314,411-95,20 Pockets Literature Rack (large)
2887330,4SLT-1836-1.2K-95,4 Sided Low Deck Stock Truck
2887334,4SLT-2448-2K-95,4 Sided Low Deck Stock Truck
2887326,432-75,12 Opening Horizontal Literature Rack
2887342,4STE-SM-3048-95,4 Sided Solid Box Truck with Ergonomic Handle
2887346,5002-18-95,12 Gauge Heavy Duty Enclosed Shelving with Hook-On Bins
2887350,5003-30-95,12 Gauge Heavy Duty Enclosed Shelving with Hook-On Bins
2887366,5011-30-95,12 Gauge Heavy Duty Enclosed Shelving with Hook-On Bins
2887338,4STE-EX-3048-95,4 Sided Mesh Box Truck with Ergonomic Handle
2887354,5006-30-95,12 Gauge Heavy Duty Enclosed Shelving with Hook-On Bins
2887358,5007-42-95,12 Gauge Heavy Duty Enclosed Shelving with Hook-On Bins
2887370,5014-30-95,12 Gauge Heavy Duty Enclosed Shelving with Hook-On Bins
2887378,5018-42-5295,12 Gauge Heavy Duty Enclosed Shelving with Hook-On Bins
2887266,3ST-EX3672-3AS-95,3 Sided Mesh Stock Truck
2887382,5019-54-5295,12 Gauge Heavy Duty Enclosed Shelving with Hook-On Bins
2887386,5022-48-5295,12 Gauge Heavy Duty Enclosed Shelving with Hook-On Bins
2887390,5023-72-5295,12 Gauge Heavy Duty Enclosed Shelving with Hook-On Bins
2887398,534-43,"(9 FX Cabinet) 3-shelf, Door pouch sold separately (Model 564-H721)."
2887362,5010-30-95,12 Gauge Heavy Duty Enclosed Shelving with Hook-On Bins
2887374,5015-42-95,12 Gauge Heavy Duty Enclosed Shelving with Hook-On Bins
2887410,575-95,Art File with Adjustable Dividers
2887302,407-54-A,Optional Legs for models 405 and 411
2887406,563-H720,"This 8-Pocket Plastic Door Pouch is used with the 7FX/7 Cabinets (Models 533-43, 532-43 and 516-43.)"
2887438,907-08-S129,10 Loop Clamp Rack
2887418,590-95,Tilt-Out Tray Dispensing Cabinet
2887402,535-43,"(11FX Cabinet) 4-shelf, Door pouch sold separately (Model 565-H722)."
2887422,5WT-3060-12PN-95,"All welded 14 gauge steel platform truck with 12"" pneumatic casters, (2) swivel and (2) rigid"
2887394,529-D830,in: 6-3/4 x 3-3/4 
2887450,APT-3048-95,14 Gauge Steel Construction; 6 removable handles. (in: 12 x 24 x 36) (mm: 305 x 610 x 914) above deck
2887414,581-95,One Opening Hydraulic Hose Cabinet 
2887426,611-95,Model 611 (TB9D) has nine drawers with 81 adjustable dividers.  It features locking hinges to hold drawers in place in a moving vehicle. Padlock not provided.
2887446,AF-3060-95,A-Frame Truck 
2887462,DC-243636-48-2S-95,nan
2887454,BCT-2860-10K-95,5' length with 3 cradles
2887470,DC36-78-6DS-95,nan
2887486,DC48-842S6DS-1795,nan
2887474,DC48-128-4S-1795,nan
2887442,AF-3048-LP-95,A-Frame Truck with Louvered Panels on Both Sides (Hook On Bins not included)
2887482,DC48-4S14DS-95,nan
2887490,DC-BDLP-132-5295,nan
2887502,DCBDLP724RDR-5295,nan
2887494,DCBDLP524RDR-95,"36"" Wide Cabinet with 52 Bins, 1 Shelf, 12 Door Shelves & 4 Drawers "
2887466,DC36-4S12DS-95,14 Gauge Cabinet with Shelves and Door Shelves
2887526,EAS-1824-95,Open Access Cart 
2887518,DWB-3672-95,nan
2887538,EMDC-2600-BLP-95,All Welded 16 Gauge Construction
2887498,DCBDLP694RDR-1795,nan
2887506,DC-DLP-96-4S-95,nan
2887546,EMDC361845B95,Clearview Cabinets with Hook-On Bins®
2887554,EMDC-361872-30B-95,Clearview Cabinets with Hook-On Bins®
2887542,EMDC36182S15B5295,Clearview Cabinets with Hook-On Bins® and Shelves
2887514,DWB-3072-BE-LP-95,Heavy duty workbench with 72W x 24H Louvered Back  Panel for use with HOOK-ON BINS®
2887562,EMDC-362472-18B-2S-5295,Clearview Cabinets with Hook-On Bins® and Shelves
2887558,EMDC36242S15B5295,Clearview Cabinets with Hook-On Bins® and Shelves
2887550,EMDC-361872-18B-2S-5295,Clearview Cabinets with Hook-On Bins® and Shelves
2887570,EMDC-362484-HDL-95,nan
2887566,EMDC-362472-30B-95,Clearview Cabinets with Hook-On Bins®
2887574,EMDC-481872-42B-1795,Clearview Cabinets with Hook-On Bins®
2887578,EMDC-481872-6B-3S-5295,Clearview Cabinets with Hook-On Bins® and Shelves
2887586,EMDC-482472-42B-95,Clearview Cabinets with Hook-On Bins®
2887530,EGCC16-50,Horizontal Cylinder Storage Cabinet - Holds 16 Cylinders
2887522,DWBM-3060-BE-RSR-95,"With Riser, Electrical Strip, and 10 Bins"
2887534,EGCVC18-50,Vertical Cylinder Storage Cabinet - Holds 18 Cylinders
2887582,EMDC-482472-24B-2S-5295,Clearview Cabinets with Hook-On Bins® and Shelves
2887590,EMDC-482472-95,nan
2887594,EPT-3060-95,"All welded 12 gauge steel platform truck with 6"" x 2"" phenolic bolt-on casters, (2) swivel and (2) rigid"
2887634,HC1101S,nan
2887662,HDC-247278-4S95,nan
2887658,HDC-244878-4S95,nan
2887630,H302,"Plated locking hinge with swivel padlock attachment is available for models 302, 302B, and 309B to lock drawers into the racks and hold them securely in place. They have mounted holes and can be easily installed using sheet metal screws or pop rive"
2887654,HDC-243666-3S95,nan
2887666,HDC36-108-3S1795,nan
2887686,HDC48-162-1795,12 Gauge Cabinet with 162 Hook-On-Bins
2887682,HDC36-DC24TB4S95,nan
2887690,HDC48-84-2S6D1795,nan
2887710,HDCC243642-2S95,12 Gauge Countertop Clearview Shelf Cabinet
2887698,HDC60-198-95,12 Gauge Cabinet with 198 Hook-On-Bins
2887702,HDC72-192-3S95,nan
2887678,HDC36-96-4S5295,nan
2887706,HDCC202436-2S95,12 Gauge Countertop Clearview Shelf Cabinet
2887714,HDCC246078-4S95,12 Gauge Clearview Shelf Cabinet
2887726,HDCM36-30-1795,Mobile Cabinet with Hook-On Bins 
2887670,HDC36-126-5295,12 Gauge Cabinet with 126 Hook-On-Bins
2887650,HDC-203642-2S95,12 Gauge Counter Top Cabinet
2887722,HDCD247278-6B95,nan
2887718,HDCD243678-7B95,nan
2887742,HDCP246078-4S95,12 Gauge Extra Heavy Duty Shelf Cabinet with PegBoard Doors. 
2887674,HDC36-60-2S6D1795,nan
2887758,HDCV244878-4S95,12 Gauge ventilated cabinets 
2887738,HDCO244878-4S95,12 Gauge Cabinet with 4 Shelves. (for outdoor use) 
2887762,HDCV36-12B-2S95,12 Gauge Cabinets
2887754,HDC-SH-2448-95,nan
2887766,HDCV36-6B-3S1795,12 Gauge Cabinets
2887694,HDC60-156-3S5295,nan
2887734,HDCM48-42-5295,Mobile Cabinet with Hook-On Bins
2887782,HDCV60-54B-5295,12 Gauge Cabinets
2887770,HDCV48-18B-3S5295,12 Gauge Cabinets
2887730,HDCM48-18-2S1795,Mobile Cabinet with Hook-On Bins and Shelves
2887778,HDCV60-12B-3S1795,12 Gauge Cabinets
2887806,HDWB-3048-95,nan
2887802,HDS-2460-95,nan
2887790,HDDS247266-6S95,nan
2887794,HDJC243678-60-4S95,nan
2887798,HDJC244878-4S95,nan
2887826,HET-3060-2-5K-95,nan
2887786,HDDS244866-6S95,nan
2887834,HMT-1836-3-95,nan
2887830,HET-3672-2-5K-95,nan
2887822,HET-2448-3-5K-95,nan
2887858,HWB-3648-95,Super Heavy Duty Workbench
2887838,HMT-2448-3-95,nan
2887866,HWBMT-366024-95,Extra Heavy Duty Machine Tables - Top shelf Only
2887818,HET-2436-2-95,nan
2887862,HWB-3672-95,Super Heavy Duty Workbench
2887878,JC-482478-3S-95,nan
2887882,JCBDLP694RDR-1795,nan
2887886,JCBDLP724RDR-5295,nan
2887842,HMT-3060-3-95,nan
2887898,LDO-3048-2-2K-95,Low Deck Service Truck
2887894,LDO-2448-2-2K-95,Low Deck Service Truck
2887890,LDO-2436-2-2K-95,Low Deck Service Truck
2887906,LIC-2448-2-95,Low Profile Instrument Cart
2887914,LPRSS-34.5X12-95,Free Standing Louvered Panel Rack
2887902,LDO-3060-2-95, Low Deck Service Truck
2887918,LPW-17.25X64-95,Wall Mountable Louvered Panel
2887874,JC-137-3S-95,nan
2887922,LPW-46X20-95,Wall Mountable Louvered Panel (include 2 panels)
2887962,MTD182418-2K195,Medium Duty Machine Tables With Drawer and Top Shelf Only
2887814,HDWC244878-7M95,nan
2887950,MT243642-2K195,Medium Duty Machine Tables - Top Shelf Only
2887938,MT182424-2K195,Medium Duty Machine Tables - Top Shelf Only
2887774,HDCV48-24B-2S95,12 Gauge Cabinets
2887970,MTD243636-2K195,Medium Duty Machine Tables With Drawer and Top Shelf Only
2887982,MTDM243618-2K195,Mobile Medium Duty Machine Tables with Drawer & Top Shelf Only
2887986,MTDM243642-2K195,Mobile Medium Duty Machine Tables with Drawer & Top Shelf Only
2887974,MTD244830-2K195,Medium Duty Machine Tables With Drawer and Top Shelf Only
2887978,MTDM182424-2K195,Mobile Medium Duty Machine Tables with Drawer & Top Shelf Only
2887990,MTDM244836-2K195,Mobile Medium Duty Machine Tables with Drawer & Top Shelf Only
2887966,MTD182442-2K195,Medium Duty Machine Tables With Drawer and Top Shelf Only
2887994,MTM182430-2K195,Mobile Medium Duty Machine Tables - Top Shelf Only
2888006,MTM244818-2K195,Mobile Medium Duty Machine Tables - Top Shelf Only
2888010,MTM244836-2K195,Mobile Medium Duty Machine Tables - Top Shelf Only
2888018,OPC-1836-2-95,"2 Shelf Order Picking Cart with writing surface & 1-1/2"" (38mm) lip to retain paper and pens "
2888002,MTM243630-2K295,Mobile Medium Duty Machine Tables - 2 Shelves
2888038,PM-2831-CR-95,Panel Movers 
2887934,MSB6-2036-95,6 Opening Mobile Storage Bin
2888074,RIC-3048-2-95,2 Shelf Rolling Instrument Cart 
2887998,MTM183630-2K395,Mobile Medium Duty Machine Tables - 3 Shelves
2888034,PAT-24-4-14-95,"Pan & Tray Truck with 4""(102mm) spacing between trays"
2888070,RIC-243650-3-95,3 Shelf Rolling Instrument Cart
2888086,RSC-1836-3-95,3 Shelf Stock Carts
2888078,RSC12-1830-2-95,2 Shelf Stock Carts with 12 Lips Up
2888098,RSC-2436-3-3K-95,3 Shelf Stock Carts
2888102,RSC-2436-5-3K-95,5 Shelf Stock Cart
2888118,RSC-3036-2-PB-2DR-95,nan
2888082,RSC-1830-3-95,3 Shelf Stock Carts
2888110,RSC-2448-3-3K-95,3 Shelf Stock Carts
2888106,RSC-2436-BLP-64-220-95,Heavy Duty Bin Service Carts
2888090,RSC-1848-3-95,3 Shelf Stock Carts
2888114,RSC-2448-4-LD-95,4 Shelf Stock Cart with lips down 
2888142,RSC6-1836-2-95,2 Shelf Stock Carts with 3 Lips Up
2888134,RSC3-1830-2-95,2 Shelf Stock Carts with 3 Lips Up 
2888126,RSC-3060-2-95,2 Shelf Stock Cart
2888170,RSCE-3048-2-TLD-95,Rolling Stock Cart with Ergonomic Handle-
2888154,RSCE-1836-2-95,Rolling Stock Cart with Ergonomic Handle
2888130,RSC-3060-4-3K-95,4 Shelf Stock Cart 
2888166,RSCE-3048-2-3.6K-95,Heavy Duty Rolling Stock Cart with Ergonomic Handle
2888162,RSCE-2448-2-3.6K-ALD-95,Heavy Rolling Stock Cart with Ergonomic Handle-
2888042,PSD-2430-4-95,nan
2888186,SFWS-392955-95,Stationary File Workstation
2888178,RSCR-2448-95,2 Shelf Stock Cart with Raised Handle (All lips Up)
2888182,RSCR-3060-95,2 Shelf Stock Cart with Raised Handle (All lips Up)
2888190,SJC-BDLP-95,nan
2888146,RSCE-1830-2-3.6K-95,Heavy Rolling Stock Cart with Ergonomic Handle
2888174,RSCE-3060-2-95,Rolling Stock Cart with Ergonomic Handle
2888202,SSC-227-NL-1795,nan
2888194,SSC-185-3S-5295,nan
2888214,SSC-722484-BDLP-264-5295,"72"" (mm: 1829) Super Wide Jumbo Cabinet with 264 Hook-On® Bins"
2888198,SSC-185-3S-NL-95,nan
2888158,RSCE-2436-2-3.6K-TLD-95,Heavy Rolling Stock Cart with Ergonomic Handle-
2888222,TRS-2430-95,"Solid Tray for use in 24"" deep models"
2888218,TR-1500-95,Open Front Style
2888210,SSC-722484-BDLP-2123S1795,"Lockable, 212 Bin Cabinet with 3 Adjustable Shelves "
2888242,WBF-TH-3672-95,nan
2888234,WBF-48120-95,nan
2888238,WBF-TH-3072-95,nan
2888226,WBF-30120-95,nan
2888246,WB-SHELF-120-95,"120"" long"
2888230,WBF-36120-95,nan
2888262,123-95,Large empty metal shell
2888294,DSH-124-95,nan
2888290,313,An optional locking hinge is offered for use with either model 290 (SPR) or 291 (LPR) to hold boxes in place when being transported in a moving vehicle. Padlock not provided.
2888306,PB30250-52,Dividers: order PB30176
2888314,010-95,"Dividers for 2-3/4"" High Drawers - 12 pack "
2888278,SP-515-95,"1/2"" rod x 15""L = 12.7mm x 381mm"
2888318,506-43-N/P,(16 Unit Horixontal) No partition.
2888334,B376-43-HIPS,(16 Unit HIPS) With fold-down polypropylene combination handle/hanger.
2888330,PB30240-52,Dividers: order PB30176
2888350,PB30210-52,Dividers: order PB30161
2888346,512G-43-N/P,24P without partition
2886912,1022S-50,FM Approved Self Closing Safety Cabinet
2886976,2210-50,16 Gauge All Welded Steel Spill Control Cart
2886916,1030ML-50,"FM Approved, 30 Gallon, manual closing, Flammable Storage Cabinet with Legs "
2887273,400-95,20 Pocket 
2887457,BCTE-2896-4K-95,8' length with 3 cradles (mm: 203)
2887537,EGCVC9-50,Vertical Cylinder Storage Cabinet - Holds 9 Cylinders
2887481,DC48-4S12DS-95,nan
2887397,533-43,"(7FX Cabinet) 2-shelf, Door pouch sold separately (Model 563-H720)."
2886904,1012ML-50,"FM Approved, 12 Gallon, manual closing, Flammable Storage Cabinet with Legs "
2888113,RSC-2448-4-3K-95,4 Shelf Stock Cart
2887689,HDC48-192-95,12 Gauge Cabinet with 192 Hook-On-Bins
2888009,MTM244830-2K295,Mobile Medium Duty Machine Tables - 2 Shelves
2887937,MT182418-2K195,Medium Duty Machine Tables - Top Shelf Only
2888017,MWSR8-LP-95,"Heavy Duty, all welded 14 gauge steel wire spool cart. Holds up to (8) metal rods to accommodate spools of varying sizes. (Shelves and Hook-On Bins are available as an accessories, are NOT included)"
2888209,SSC-602484-BDLP-95,nan
2887821,HET-2448-2-95,nan
2888289,312,Plated locking hinge with swivel padlock attachment is available for models 303 (4LR) and 310 (4LR-TT) to lock drawers into the racks and hold them securely in place. They have mounted holes and can be easily installed using sheet metal screws or pop rive
2887917,LPW-17.25X20-95,Wall Mountable Louvered Panel
2888301,PB30176-08,Divider (Vertical)
2887877,JC-171-95,nan
2887433,740-95,"Fully hemmed 1-1/8""(29mm) bin fronts to hold labels and retain parts"
2888353,PB30220-52,Dividers: order PB30166
2888329,PB30240-21,Dividers: order PB30176
2886909,1016S-50,FM Approved Self Closing Safety Cabinet
2888305,PB30250-21,Dividers: order PB30176
2887705,HDC72-240-95,12 Gauge Cabinet with 240 Hook-On-Bins
2886985,2211-DLP-RM-10B-95,nan
2886905,1012S-50,FM Approved Self Closing Safety Cabinet 
2887125,3501-BDLP-95,nan
2887169,3602-95,14 Gauge Cabinet with
2887109,3500-HDL-95,nan
2887434,745-95,"Fully hemmed 1-1/8""(29mm) bin fronts to hold labels and retain parts"
2887602,FDC-SH-6018-95,nan
2887430,725-95,"Fully hemmed 1-1/8""(29mm) bin fronts to hold labels and retain parts"
2887598,FDC-SH-3618-95,nan
2887810,HDWB-3672-95,nan
2887942,MT183630-2K295,Medium Duty Machine Tables - 2 Shelves
2887606,FS-SH-1419,nan
2888014,MTM304836-3K295,Mobile Heavy Duty Machine Tables - 2 Shelves
2888022,OPC-2448-2-95,"2 Shelf Order Picking Cart with writing surface & 1-1/2"" (38mm) lip to retain paper and pens "
2887870,HWBMT-367230-95,Extra Heavy Duty Machine Tables - Top shelf Only
2888026,OPT-3624-95,nan
2888030,OPT-6030-95,nan
2887958,MT246030-2K295,Medium Duty Machine Tables - 2 Shelves
2887946,MT243630-2K195,Medium Duty Machine Tables - Top Shelf Only
2888298,PB30166-08,Divider (Vertical)
2888122,RSC-3048-3-3K-TLD-95,3 Shelf Stock Carts
2888138,RSC3-2448-2-3.6K-95,2 Shelf Stock Carts with 3 Lips Up
2887954,MT244830-2K295,Medium Duty Machine Tables - 2 Shelves
2888206,SSC-602484-4S-95,nan
2888302,PB30177-08,Divider (Horizontal)
2888094,RSC-2436-2-3K-TLD-95,2 Shelf Stock Cart with Ergonomic Handle-
2888326,PB30230-21,Dividers: order PB30171
2888354,501-43,(6 Unit)
2888382,542-43,(Snake Bite Kit Box) Molded of polypropylene. Lightweight and sturdy one piece construction.
2887510,DWB-3060-BE-LP-95,Heavy Duty Workbench with 60W x 24H Louvered Back Panel for use with HOOK-ON BINS®
