id,catalog_number,description
5053816,GFK35,https://dpk3n3gg92jwt.cloudfront.net/domains/altra.formspragclutch/images/GFK.jpg
1616217,5370-271-201,https://dpk3n3gg92jwt.cloudfront.net/domains/altra.warnerelectric/images/GEN2-EM30p40-L7514HR.jpg
401790,5371-273-031,https://dpk3n3gg92jwt.cloudfront.net/domains/altra.warnerelectric/images/EUM50-1020sideHR.jpg
399924,5371-273-033,https://dpk3n3gg92jwt.cloudfront.net/domains/altra.warnerelectric/images/EUM50-1020sideHR.jpg
1616300,5370-169-234,https://dpk3n3gg92jwt.cloudfront.net/domains/altra.warnerelectric/images/GEN2-em20-L7404HR.jpg
2266531,5370-273-214,https://dpk3n3gg92jwt.cloudfront.net/domains/altra.warnerelectric/images/GEN2-EM30p40-L7514HR.jpg
401777,5371-4,https://dpk3n3gg92jwt.cloudfront.net/domains/altra.warnerelectric/images/CBC1601N_HR.jpg
1616244,5370-273-232,https://dpk3n3gg92jwt.cloudfront.net/domains/altra.warnerelectric/images/GEN2-EM30p40-L7514HR.jpg
2079750,497.32.564,https://dpk3n3gg92jwt.cloudfront.net/domains/altra.huco/thumbs/hd-u-joint-splined-shafts.jpeg
2266531,5370-273-214,https://dpk3n3gg92jwt.cloudfront.net/domains/altra.warnerelectric/images/GEN2-EM30p40-L7514HR.jpg
402976,5130-273-034,https://dpk3n3gg92jwt.cloudfront.net/domains/altra.warnerelectric/images/WE_electro_pack-foot_WE10035 warnerD.jpg
402683,5131-273-010,https://dpk3n3gg92jwt.cloudfront.net/domains/altra.warnerelectric/images/WE_electro_pack-foot_WE10035 warnerD.jpg
403486,5230-273-011,https://dpk3n3gg92jwt.cloudfront.net/domains/altra.warnerelectric/images/WE_electro_pack-foot_WE10035 warnerD.jpg
401970,5370-169-204,https://dpk3n3gg92jwt.cloudfront.net/domains/altra.warnerelectric/images/WE 5370-169-204 Brake.jpg
405838,6004-448-001,https://dpk3n3gg92jwt.cloudfront.net/domains/altra.warnerelectric/images/cbc-150-1.jpg
670515,5370-273-229,https://dpk3n3gg92jwt.cloudfront.net/domains/altra.warnerelectric/images/GEN2-EM30p40-L7514HR.jpg
405844,6003-448-101,https://dpk3n3gg92jwt.cloudfront.net/domains/altra.warnerelectric/images/CBC1001LF-8630HR.jpg
1616225,5370-271-214,https://dpk3n3gg92jwt.cloudfront.net/domains/altra.warnerelectric/images/GEN2-EM30p40-L7514HR.jpg
400535,5232-273-005,https://dpk3n3gg92jwt.cloudfront.net/domains/altra.warnerelectric/images/WE_electro_pack-foot_WE10035 warnerD.jpg
404461,5231-273-004,https://dpk3n3gg92jwt.cloudfront.net/domains/altra.warnerelectric/images/WE_electro_pack-foot_WE10035 warnerD.jpg
398674,5371-273-077,https://dpk3n3gg92jwt.cloudfront.net/domains/altra.warnerelectric/images/CBC180-30AR2-HR.jpg
401989,5370-270-204,https://dpk3n3gg92jwt.cloudfront.net/domains/altra.warnerelectric/images/GEN2-EM10-L7458HR.jpg
403465,5232-273-002,https://dpk3n3gg92jwt.cloudfront.net/domains/altra.warnerelectric/images/WE_electro_pack-foot_WE10035 warnerD.jpg
2266531,5370-273-214,https://dpk3n3gg92jwt.cloudfront.net/domains/altra.warnerelectric/images/GEN2-EM30p40-L7514HR.jpg
403229,5633-273-005,https://dpk3n3gg92jwt.cloudfront.net/domains/altra.warnerelectric/images/WE_electro_pack-foot_WE10035 warnerD.jpg
31935,5370-273-204,https://dpk3n3gg92jwt.cloudfront.net/domains/altra.warnerelectric/images/GEN2-EM30p40-L7514HR.jpg
402129,5370-273-213,https://dpk3n3gg92jwt.cloudfront.net/domains/altra.warnerelectric/images/GEN2-EM30p40-L7514HR.jpg
402833,5370-271-204,https://dpk3n3gg92jwt.cloudfront.net/domains/altra.warnerelectric/images/GEN2-EM30p40-L7514HR.jpg
402981,5130-273-032,https://dpk3n3gg92jwt.cloudfront.net/domains/altra.warnerelectric/images/WE_electro_pack-foot_WE10035 warnerD.jpg
405446,6010-448-002,https://dpk3n3gg92jwt.cloudfront.net/domains/altra.warnerelectric/images/WE 6010-448-002 CB Control.jpg
