id,catalog_number,main_image
824816,CS-C3,http://chains.ustsubaki.com/ImgMedium/a2158.jpg
824803,RS08BNPKUTMCL,http://chains.ustsubaki.com/ImgMedium/Gripper-Chain.jpg
824807,RS08BNPKUTSCL,http://chains.ustsubaki.com/ImgMedium/Gripper-Chain.jpg
825164,R2-2,http://chains.ustsubaki.com/ImgMedium/a1831.jpg
389886,160TL3,http://chains.ustsubaki.com/ImgMedium/e142.jpg
389922,60TL1,http://chains.ustsubaki.com/ImgMedium/e142.jpg
389918,W35,http://chains.ustsubaki.com/ImgMedium/a1630.jpg
389950,160FW,http://chains.ustsubaki.com/ImgMedium/a1633.jpg
389946,120TL2,http://chains.ustsubaki.com/ImgMedium/e142.jpg
390027,40SKW,http://chains.ustsubaki.com/ImgMedium/a1633.jpg
389966,60SDSW,http://chains.ustsubaki.com/ImgMedium/a1633.jpg
391243,AL1066,http://chains.ustsubaki.com/ImgMedium/AL-Series-Leaf-chain.jpg
391528,BL1223,http://chains.ustsubaki.com/ImgMedium/BL-Series-Leaf-chain.jpg
389913,W16,http://chains.ustsubaki.com/ImgMedium/a1630.jpg
389969,40SDSW,http://chains.ustsubaki.com/ImgMedium/a1633.jpg
389957,120TL1,http://chains.ustsubaki.com/ImgMedium/e142.jpg
389949,160TL2,http://chains.ustsubaki.com/ImgMedium/e142.jpg
389953,100TL1,http://chains.ustsubaki.com/ImgMedium/e142.jpg
389944,140TL1,http://chains.ustsubaki.com/ImgMedium/e142.jpg
389974,80TL3,http://chains.ustsubaki.com/ImgMedium/e142.jpg
389917,W45,http://chains.ustsubaki.com/ImgMedium/a1630.jpg
391670,BL1023,http://chains.ustsubaki.com/ImgMedium/BL-Series-Leaf-chain.jpg
391690,BL1434,http://chains.ustsubaki.com/ImgMedium/BL-Series-Leaf-chain.jpg
391877,AL622,http://chains.ustsubaki.com/ImgMedium/AL-Series-Leaf-chain.jpg
391910,AL1022,http://chains.ustsubaki.com/ImgMedium/AL-Series-Leaf-chain.jpg
390189,120TL3,http://chains.ustsubaki.com/ImgMedium/e142.jpg
390228,100EWB,http://chains.ustsubaki.com/ImgMedium/a1633.jpg
390217,60SKW,http://chains.ustsubaki.com/ImgMedium/a1633.jpg
390233,80FW,http://chains.ustsubaki.com/ImgMedium/a1632.jpg
392497,BL466,http://chains.ustsubaki.com/ImgMedium/BL-Series-Leaf-chain.jpg
392493,BL566,http://chains.ustsubaki.com/ImgMedium/BL-Series-Leaf-chain.jpg
390768,DK002AFN,http://chains.ustsubaki.com/ImgMedium/Motor-NEMA-C-Flange-Input-Free-Output-Type--1-4-H-P--to-10-H-P--.jpg
393130,TS1016-PA,http://chains.ustsubaki.com/ImgMedium/a1952.jpg
391065,TS1905-PA,http://chains.ustsubaki.com/ImgMedium/a1952.jpg
391055,TT1143SS,http://chains.ustsubaki.com/ImgMedium/a1956.jpg
391644,BL1634,http://chains.ustsubaki.com/ImgMedium/BL-Series-Leaf-chain.jpg
391681,AL666,http://chains.ustsubaki.com/ImgMedium/AL-Series-Leaf-chain.jpg
391738,TT826SS,http://chains.ustsubaki.com/ImgMedium/a1956.jpg
391742,40BIND,http://chains.ustsubaki.com/ImgMedium/a2048.jpg
391790,BL423,http://chains.ustsubaki.com/ImgMedium/BL-Series-Leaf-chain.jpg
391863,AL1222,http://chains.ustsubaki.com/ImgMedium/AL-Series-Leaf-chain.jpg
391880,AL466,http://chains.ustsubaki.com/ImgMedium/AL-Series-Leaf-chain.jpg
391867,AL1466,http://chains.ustsubaki.com/ImgMedium/AL-Series-Leaf-chain.jpg
391754,BL823,http://chains.ustsubaki.com/ImgMedium/BL-Series-Leaf-chain.jpg
391859,AL1666,http://chains.ustsubaki.com/ImgMedium/AL-Series-Leaf-chain.jpg
393965,BL1246,http://chains.ustsubaki.com/ImgMedium/BL-Series-Leaf-chain.jpg
394021,BL844,http://chains.ustsubaki.com/ImgMedium/BL-Series-Leaf-chain.jpg
394057,TS762-PA,http://chains.ustsubaki.com/ImgMedium/a1952.jpg
394432,C2030VRP-RG,http://chains.ustsubaki.com/ImgMedium/a1918.jpg
394448,C2050VRP-R4LS,http://chains.ustsubaki.com/ImgMedium/a1907.jpg
392278,TU826,http://chains.ustsubaki.com/ImgMedium/a1945.jpg
394523,2042B19,http://chains.ustsubaki.com/ImgMedium/a1613.jpg
394651,T50B23,http://chains.ustsubaki.com/ImgMedium/triple strand.jpg
394667,40SH27,http://chains.ustsubaki.com/ImgMedium/QD Sprocket.jpg
394700,2042A18,http://chains.ustsubaki.com/ImgMedium/a1612.jpg
394793,120F42,http://chains.ustsubaki.com/ImgMedium/QD Sprocket.jpg
394889,2082A19,http://chains.ustsubaki.com/ImgMedium/a1621.jpg
394884,T50B14,http://chains.ustsubaki.com/ImgMedium/triple strand.jpg
394966,2082A18,http://chains.ustsubaki.com/ImgMedium/a1621.jpg
395109,35JA30,http://chains.ustsubaki.com/ImgMedium/QD Sprocket.jpg
395224,D40BTL21,http://chains.ustsubaki.com/ImgMedium/TL Spkt.jpg
395203,50SF96,http://chains.ustsubaki.com/ImgMedium/QD Sprocket.jpg
395220,2042A28,http://chains.ustsubaki.com/ImgMedium/a1612.jpg
395386,DS80A20,http://chains.ustsubaki.com/ImgMedium/Double-Single-Spkt.jpg
395377,2062A12,http://chains.ustsubaki.com/ImgMedium/a1618.jpg
393906,TS1524-PA,http://chains.ustsubaki.com/ImgMedium/a1952.jpg
395598,T50B22,http://chains.ustsubaki.com/ImgMedium/triple strand.jpg
395602,140CTL60,http://chains.ustsubaki.com/ImgMedium/TL Spkt.jpg
395586,2082A24,http://chains.ustsubaki.com/ImgMedium/a1621.jpg
394204,BL446,http://chains.ustsubaki.com/ImgMedium/BL-Series-Leaf-chain.jpg
394319,40SSTENT1,http://chains.ustsubaki.com/ImgMedium/a2049.jpg
394386,8600-18,http://chains.ustsubaki.com/ImgMedium/Vacuum-Wrapper-Chain.jpg
394431,C2030VRP-R3LS,http://chains.ustsubaki.com/ImgMedium/a1905.jpg
394402,TSB2CT100,http://chains.ustsubaki.com/ImgMedium/shock_relay2.jpg
394435,C2050VRP-GB,http://chains.ustsubaki.com/ImgMedium/a1919.jpg
395803,T80B21,http://chains.ustsubaki.com/ImgMedium/triple strand.jpg
394447,C2080VRP-PGR,http://chains.ustsubaki.com/ImgMedium/a1916.jpg
394455,C2080VRP-GB,http://chains.ustsubaki.com/ImgMedium/a1919.jpg
394539,10020,http://chains.ustsubaki.com/ImgMedium/a1049.jpg
394601,2062B14,http://chains.ustsubaki.com/ImgMedium/a1619.jpg
394658,DS60ATL21,http://chains.ustsubaki.com/ImgMedium/Double-Single-Spkt.jpg
394646,60SF45,http://chains.ustsubaki.com/ImgMedium/QD Sprocket.jpg
396196,2082A25,http://chains.ustsubaki.com/ImgMedium/a1621.jpg
396163,2062A18,http://chains.ustsubaki.com/ImgMedium/a1618.jpg
396200,2082A17,http://chains.ustsubaki.com/ImgMedium/a1621.jpg
396229,40SH30,http://chains.ustsubaki.com/ImgMedium/QD Sprocket.jpg
396171,DS50A17,http://chains.ustsubaki.com/ImgMedium/Double-Single-Spkt.jpg
396359,T100B26,http://chains.ustsubaki.com/ImgMedium/triple strand.jpg
396343,T40B24,http://chains.ustsubaki.com/ImgMedium/triple strand.jpg
396364,DS50A20,http://chains.ustsubaki.com/ImgMedium/Double-Single-Spkt.jpg
396351,T100B20,http://chains.ustsubaki.com/ImgMedium/triple strand.jpg
394757,120F45,http://chains.ustsubaki.com/ImgMedium/QD Sprocket.jpg
396368,T60B15,http://chains.ustsubaki.com/ImgMedium/triple strand.jpg
396372,T50B36,http://chains.ustsubaki.com/ImgMedium/triple strand.jpg
396394,T50B18,http://chains.ustsubaki.com/ImgMedium/triple strand.jpg
396479,DS80A18,http://chains.ustsubaki.com/ImgMedium/Double-Single-Spkt.jpg
396414,60SH16,http://chains.ustsubaki.com/ImgMedium/QD Sprocket.jpg
396515,2082A23,http://chains.ustsubaki.com/ImgMedium/a1621.jpg
396531,T80B23,http://chains.ustsubaki.com/ImgMedium/triple strand.jpg
396483,DS80A15,http://chains.ustsubaki.com/ImgMedium/Double-Single-Spkt.jpg
396539,DS100A18,http://chains.ustsubaki.com/ImgMedium/Double-Single-Spkt.jpg
396523,2052A17,http://chains.ustsubaki.com/ImgMedium/a1615.jpg
396535,60JA11,http://chains.ustsubaki.com/ImgMedium/QD Sprocket.jpg
396463,2042A21,http://chains.ustsubaki.com/ImgMedium/a1612.jpg
396559,DS50A19,http://chains.ustsubaki.com/ImgMedium/Double-Single-Spkt.jpg
396547,T80B12,http://chains.ustsubaki.com/ImgMedium/triple strand.jpg
396543,D50ATL19,http://chains.ustsubaki.com/ImgMedium/TL Spkt.jpg
396511,2052A13,http://chains.ustsubaki.com/ImgMedium/a1615.jpg
396580,DS50A16,http://chains.ustsubaki.com/ImgMedium/Double-Single-Spkt.jpg
396568,T50B12,http://chains.ustsubaki.com/ImgMedium/triple strand.jpg
396572,DS40A17,http://chains.ustsubaki.com/ImgMedium/Double-Single-Spkt.jpg
396629,140M70,http://chains.ustsubaki.com/ImgMedium/QD Sprocket.jpg
396584,DS40A21,http://chains.ustsubaki.com/ImgMedium/Double-Single-Spkt.jpg
396621,120SF13,http://chains.ustsubaki.com/ImgMedium/QD Sprocket.jpg
396645,120F32,http://chains.ustsubaki.com/ImgMedium/QD Sprocket.jpg
396633,140F36,http://chains.ustsubaki.com/ImgMedium/QD Sprocket.jpg
396641,1.20E+18,http://chains.ustsubaki.com/ImgMedium/QD Sprocket.jpg
394920,50SDS26,http://chains.ustsubaki.com/ImgMedium/QD Sprocket.jpg
396608,DS60ATL19,http://chains.ustsubaki.com/ImgMedium/Double-Single-Spkt.jpg
396612,1.00E+24,http://chains.ustsubaki.com/ImgMedium/QD Sprocket.jpg
396751,60SK36,http://chains.ustsubaki.com/ImgMedium/QD Sprocket.jpg
396743,50SK70,http://chains.ustsubaki.com/ImgMedium/QD Sprocket.jpg
396767,80SF34,http://chains.ustsubaki.com/ImgMedium/QD Sprocket.jpg
396763,80SF28,http://chains.ustsubaki.com/ImgMedium/QD Sprocket.jpg
396739,60JA12,http://chains.ustsubaki.com/ImgMedium/QD Sprocket.jpg
396735,50SF80,http://chains.ustsubaki.com/ImgMedium/QD Sprocket.jpg
396771,80SF20,http://chains.ustsubaki.com/ImgMedium/QD Sprocket.jpg
396747,60SK28,http://chains.ustsubaki.com/ImgMedium/QD Sprocket.jpg
396775,80SF24,http://chains.ustsubaki.com/ImgMedium/QD Sprocket.jpg
396783,35SH48,http://chains.ustsubaki.com/ImgMedium/QD Sprocket.jpg
396731,50SH18,http://chains.ustsubaki.com/ImgMedium/QD Sprocket.jpg
396759,60SH15,http://chains.ustsubaki.com/ImgMedium/QD Sprocket.jpg
396804,35JA20,http://chains.ustsubaki.com/ImgMedium/QD Sprocket.jpg
396829,40SH28,http://chains.ustsubaki.com/ImgMedium/QD Sprocket.jpg
396824,40SH35,http://chains.ustsubaki.com/ImgMedium/QD Sprocket.jpg
396820,50SDS28,http://chains.ustsubaki.com/ImgMedium/QD Sprocket.jpg
396808,50SDS23,http://chains.ustsubaki.com/ImgMedium/QD Sprocket.jpg
396694,DS40ATL23,http://chains.ustsubaki.com/ImgMedium/Double-Single-Spkt.jpg
396833,50JA14,http://chains.ustsubaki.com/ImgMedium/QD Sprocket.jpg
396907,50SDS30,http://chains.ustsubaki.com/ImgMedium/QD Sprocket.jpg
396895,120CTL60,http://chains.ustsubaki.com/ImgMedium/a1579.jpg
395170,D60BTL30,http://chains.ustsubaki.com/ImgMedium/TL Spkt.jpg
395360,2042A25,http://chains.ustsubaki.com/ImgMedium/a1612.jpg
395417,2062A24,http://chains.ustsubaki.com/ImgMedium/a1618.jpg
395453,50SDS32,http://chains.ustsubaki.com/ImgMedium/QD Sprocket.jpg
395560,120F35,http://chains.ustsubaki.com/ImgMedium/QD Sprocket.jpg
396968,D80ATL13,http://chains.ustsubaki.com/ImgMedium/DBL_ATaper_lock_2.jpg
396992,D60BTL16,http://chains.ustsubaki.com/ImgMedium/TL Spkt.jpg
396988,D60BTL21,http://chains.ustsubaki.com/ImgMedium/TL Spkt.jpg
396984,60SH14,http://chains.ustsubaki.com/ImgMedium/QD Sprocket.jpg
397083,D40ATL17,http://chains.ustsubaki.com/ImgMedium/TL Spkt.jpg
396964,D80ATL16,http://chains.ustsubaki.com/ImgMedium/DBL_ATaper_lock_2.jpg
397152,D40ATL16,http://chains.ustsubaki.com/ImgMedium/TL Spkt.jpg
397160,2052A22,http://chains.ustsubaki.com/ImgMedium/a1615.jpg
397212,100SDS11,http://chains.ustsubaki.com/ImgMedium/QD Sprocket.jpg
397254,40JA16,http://chains.ustsubaki.com/ImgMedium/QD Sprocket.jpg
395700,T50B30,http://chains.ustsubaki.com/ImgMedium/triple strand.jpg
397385,T60B35,http://chains.ustsubaki.com/ImgMedium/triple strand.jpg
395790,40JA18,http://chains.ustsubaki.com/ImgMedium/QD Sprocket.jpg
395758,T50B11,http://chains.ustsubaki.com/ImgMedium/triple strand.jpg
395859,D50ATL18,http://chains.ustsubaki.com/ImgMedium/TL Spkt.jpg
824757,BL1444,http://chains.ustsubaki.com/ImgMedium/BL-Series-Leaf-chain.jpg
824813,RS10BSSKUTMCL,http://chains.ustsubaki.com/ImgMedium/Gripper-Chain.jpg
824809,RS10BNPKUTMCL,http://chains.ustsubaki.com/ImgMedium/Gripper-Chain.jpg
397449,DS40A15,http://chains.ustsubaki.com/ImgMedium/Double-Single-Spkt.jpg
397516,D80ATL18,http://chains.ustsubaki.com/ImgMedium/DBL_ATaper_lock_2.jpg
397488,40SH26,http://chains.ustsubaki.com/ImgMedium/QD Sprocket.jpg
397597,80B27F-2R,http://chains.ustsubaki.com/ImgMedium/Finished bore spkt.jpg
395987,80SF30,http://chains.ustsubaki.com/ImgMedium/QD Sprocket.jpg
395999,T40B26,http://chains.ustsubaki.com/ImgMedium/triple strand.jpg
396170,2062A17,http://chains.ustsubaki.com/ImgMedium/a1618.jpg
396199,2082A14,http://chains.ustsubaki.com/ImgMedium/a1621.jpg
397684,2062A22,http://chains.ustsubaki.com/ImgMedium/a1618.jpg
397865,2062A15,http://chains.ustsubaki.com/ImgMedium/a1618.jpg
396224,T60B12,http://chains.ustsubaki.com/ImgMedium/triple strand.jpg
396290,2062A19,http://chains.ustsubaki.com/ImgMedium/a1618.jpg
396338,T40B20,http://chains.ustsubaki.com/ImgMedium/triple strand.jpg
396379,T60B18,http://chains.ustsubaki.com/ImgMedium/triple strand.jpg
396346,T60B13,http://chains.ustsubaki.com/ImgMedium/triple strand.jpg
396354,T100B22,http://chains.ustsubaki.com/ImgMedium/triple strand.jpg
396375,T60B22,http://chains.ustsubaki.com/ImgMedium/triple strand.jpg
396397,T50B21,http://chains.ustsubaki.com/ImgMedium/triple strand.jpg
396367,T60B14,http://chains.ustsubaki.com/ImgMedium/triple strand.jpg
396383,T50B13,http://chains.ustsubaki.com/ImgMedium/triple strand.jpg
396474,2042A26,http://chains.ustsubaki.com/ImgMedium/a1612.jpg
396478,DS80A17,http://chains.ustsubaki.com/ImgMedium/Double-Single-Spkt.jpg
396522,2052A16,http://chains.ustsubaki.com/ImgMedium/a1615.jpg
396518,2052A20,http://chains.ustsubaki.com/ImgMedium/a1615.jpg
396542,T80B11,http://chains.ustsubaki.com/ImgMedium/triple strand.jpg
396563,DS60A16,http://chains.ustsubaki.com/ImgMedium/Double-Single-Spkt.jpg
396526,DS100A13,http://chains.ustsubaki.com/ImgMedium/Double-Single-Spkt.jpg
396571,DS40A16,http://chains.ustsubaki.com/ImgMedium/Double-Single-Spkt.jpg
396546,T60B30,http://chains.ustsubaki.com/ImgMedium/triple strand.jpg
396554,T80B16,http://chains.ustsubaki.com/ImgMedium/triple strand.jpg
396579,DS50A15,http://chains.ustsubaki.com/ImgMedium/Double-Single-Spkt.jpg
396538,DS100A17,http://chains.ustsubaki.com/ImgMedium/Double-Single-Spkt.jpg
396632,140F35,http://chains.ustsubaki.com/ImgMedium/QD Sprocket.jpg
396624,2082A22,http://chains.ustsubaki.com/ImgMedium/a1621.jpg
396607,DS60ATL18,http://chains.ustsubaki.com/ImgMedium/Double-Single-Spkt.jpg
396640,100SK14,http://chains.ustsubaki.com/ImgMedium/QD Sprocket.jpg
396636,1.20E+24,http://chains.ustsubaki.com/ImgMedium/QD Sprocket.jpg
396628,140J60,http://chains.ustsubaki.com/ImgMedium/QD Sprocket.jpg
396656,120SF12,http://chains.ustsubaki.com/ImgMedium/QD Sprocket.jpg
396648,1.20E+26,http://chains.ustsubaki.com/ImgMedium/QD Sprocket.jpg
396673,160M54,http://chains.ustsubaki.com/ImgMedium/QD Sprocket.jpg
396558,DS50A23,http://chains.ustsubaki.com/ImgMedium/Double-Single-Spkt.jpg
396689,DS50ATL19,http://chains.ustsubaki.com/ImgMedium/Double-Single-Spkt.jpg
396742,50SK60,http://chains.ustsubaki.com/ImgMedium/QD Sprocket.jpg
396730,50SH17,http://chains.ustsubaki.com/ImgMedium/QD Sprocket.jpg
396722,80SF48,http://chains.ustsubaki.com/ImgMedium/QD Sprocket.jpg
396726,80SH12,http://chains.ustsubaki.com/ImgMedium/QD Sprocket.jpg
396754,60SF72,http://chains.ustsubaki.com/ImgMedium/QD Sprocket.jpg
396746,60SF54,http://chains.ustsubaki.com/ImgMedium/QD Sprocket.jpg
396713,80SK19,http://chains.ustsubaki.com/ImgMedium/QD Sprocket.jpg
396717,60SDS19,http://chains.ustsubaki.com/ImgMedium/QD Sprocket.jpg
396770,60SDS25,http://chains.ustsubaki.com/ImgMedium/QD Sprocket.jpg
396778,40JA17,http://chains.ustsubaki.com/ImgMedium/QD Sprocket.jpg
396774,60SDS24,http://chains.ustsubaki.com/ImgMedium/QD Sprocket.jpg
396786,40SH20,http://chains.ustsubaki.com/ImgMedium/QD Sprocket.jpg
396794,160M70,http://chains.ustsubaki.com/ImgMedium/QD Sprocket.jpg
396811,50JA16,http://chains.ustsubaki.com/ImgMedium/QD Sprocket.jpg
396819,50SDS27,http://chains.ustsubaki.com/ImgMedium/QD Sprocket.jpg
396799,160M40,http://chains.ustsubaki.com/ImgMedium/QD Sprocket.jpg
396758,60SF70,http://chains.ustsubaki.com/ImgMedium/QD Sprocket.jpg
396828,40SH22,http://chains.ustsubaki.com/ImgMedium/QD Sprocket.jpg
396762,60SDS23,http://chains.ustsubaki.com/ImgMedium/QD Sprocket.jpg
396832,50JA13,http://chains.ustsubaki.com/ImgMedium/QD Sprocket.jpg
396782,35SH40,http://chains.ustsubaki.com/ImgMedium/QD Sprocket.jpg
396836,40SK80,http://chains.ustsubaki.com/ImgMedium/QD Sprocket.jpg
396823,40SH32,http://chains.ustsubaki.com/ImgMedium/QD Sprocket.jpg
396870,140CTL70,http://chains.ustsubaki.com/ImgMedium/TL Spkt.jpg
396849,140CTL45,http://chains.ustsubaki.com/ImgMedium/TL Spkt.jpg
396874,140CTL35,http://chains.ustsubaki.com/ImgMedium/TL Spkt.jpg
396971,D80ATL15,http://chains.ustsubaki.com/ImgMedium/DBL_ATaper_lock_2.jpg
396963,50B20SS,http://chains.ustsubaki.com/ImgMedium/ANSI-Spkt.jpg
396987,D60ATL18,http://chains.ustsubaki.com/ImgMedium/TL Spkt.jpg
396967,D80BTL19,http://chains.ustsubaki.com/ImgMedium/dbl_B_TL.jpg
397061,D50ATL15,http://chains.ustsubaki.com/ImgMedium/TL Spkt.jpg
397249,2062A13,http://chains.ustsubaki.com/ImgMedium/a1618.jpg
397380,40SDS36,http://chains.ustsubaki.com/ImgMedium/QD Sprocket.jpg
397413,140J40,http://chains.ustsubaki.com/ImgMedium/QD Sprocket.jpg
397405,2052A18,http://chains.ustsubaki.com/ImgMedium/a1615.jpg
397503,DS50A21,http://chains.ustsubaki.com/ImgMedium/Double-Single-Spkt.jpg
397637,80SH11,http://chains.ustsubaki.com/ImgMedium/QD Sprocket.jpg
397724,DS60A18,http://chains.ustsubaki.com/ImgMedium/Double-Single-Spkt.jpg
397780,60SF84,http://chains.ustsubaki.com/ImgMedium/QD Sprocket.jpg
397853,40SH25,http://chains.ustsubaki.com/ImgMedium/QD Sprocket.jpg
397937,1.00E+32,http://chains.ustsubaki.com/ImgMedium/QD Sprocket.jpg
397976,T100B14,http://chains.ustsubaki.com/ImgMedium/triple strand.jpg
397985,25B17SS,http://chains.ustsubaki.com/ImgMedium/ANSI-Spkt.jpg
1752587,140F25,http://chains.ustsubaki.com/ImgMedium/QD Sprocket.jpg
1752591,140J48,http://chains.ustsubaki.com/ImgMedium/QD Sprocket.jpg
1752603,160F22,http://chains.ustsubaki.com/ImgMedium/QD Sprocket.jpg
1752595,1.60E+14,http://chains.ustsubaki.com/ImgMedium/QD Sprocket.jpg
1752611,160M45,http://chains.ustsubaki.com/ImgMedium/QD Sprocket.jpg
1752619,35SH45,http://chains.ustsubaki.com/ImgMedium/QD Sprocket.jpg
1752615,35JA35,http://chains.ustsubaki.com/ImgMedium/QD Sprocket.jpg
398000,T40B16,http://chains.ustsubaki.com/ImgMedium/triple strand.jpg
1752607,160J26,http://chains.ustsubaki.com/ImgMedium/QD Sprocket.jpg
398055,35JA19,http://chains.ustsubaki.com/ImgMedium/QD Sprocket.jpg
1752579,1.40E+19,http://chains.ustsubaki.com/ImgMedium/QD Sprocket.jpg
1752599,160F18,http://chains.ustsubaki.com/ImgMedium/QD Sprocket.jpg
1752570,1.00E+28,http://chains.ustsubaki.com/ImgMedium/QD Sprocket.jpg
1752578,1.40E+18,http://chains.ustsubaki.com/ImgMedium/QD Sprocket.jpg
1752582,1.40E+22,http://chains.ustsubaki.com/ImgMedium/QD Sprocket.jpg
2304653,BR30HT-R51B-35,http://chains.ustsubaki.com/ImgMedium/BR20.jpg
2304661,BR38HT-R61A-45,http://chains.ustsubaki.com/ImgMedium/BR20.jpg
2304677,BR58HT-R101B-55,http://chains.ustsubaki.com/ImgMedium/BR20.jpg
2304673,BR50HT-B86B-50,http://chains.ustsubaki.com/ImgMedium/BR20.jpg
2304705,BR95HT-R170C-70,http://chains.ustsubaki.com/ImgMedium/BR20.jpg
2304685,BR70HT-B100A-50,http://chains.ustsubaki.com/ImgMedium/BR20.jpg
2304665,BR40HT-R66B-48,http://chains.ustsubaki.com/ImgMedium/BR20.jpg
2304681,BR60HT-B85A-50,http://chains.ustsubaki.com/ImgMedium/BR20.jpg
2304737,BS50-2,http://chains.ustsubaki.com/ImgMedium/cc_bs2.png
2304749,BS65-40,http://chains.ustsubaki.com/ImgMedium/cc_bs2.png
2304753,BS65-60,http://chains.ustsubaki.com/ImgMedium/cc_bs2.png
2304765,BS75-60,http://chains.ustsubaki.com/ImgMedium/cc_bs2.png
2304773,BS85-2L,http://chains.ustsubaki.com/ImgMedium/cc_bs2.png
2304741,BS65-1J,http://chains.ustsubaki.com/ImgMedium/cc_bs2.png
2304789,BS95-2P,http://chains.ustsubaki.com/ImgMedium/cc_bs2.png
2304649,BR25HT-B46B-25,http://chains.ustsubaki.com/ImgMedium/BR20.jpg
2304797,BS95-90,http://chains.ustsubaki.com/ImgMedium/cc_bs2.png
2304813,BSEU90-80,http://chains.ustsubaki.com/ImgMedium/Cam-Clutch-BSEU-Series.jpg
2304801,BSEU40-20,http://chains.ustsubaki.com/ImgMedium/Cam-Clutch-BSEU-Series.jpg
2304645,BR130HT-S130A-130,http://chains.ustsubaki.com/ImgMedium/BR20.jpg
2304785,BS95-2G,http://chains.ustsubaki.com/ImgMedium/cc_bs2.png
2304709,BR98HT-R200C-130,http://chains.ustsubaki.com/ImgMedium/BR20.jpg
2304733,BS50-1H,http://chains.ustsubaki.com/ImgMedium/cc_bs2.png
2304781,BS85-80,http://chains.ustsubaki.com/ImgMedium/cc_bs2.png
2304697,BR80HT-S80A-80,http://chains.ustsubaki.com/ImgMedium/BR20.jpg
2304793,BS95-3D,http://chains.ustsubaki.com/ImgMedium/cc_bs2.png
2304901,MIUS400-20,http://chains.ustsubaki.com/ImgMedium/Cam-Clutch-MIUS-Series.jpg
2304913,MIUS600-1D,http://chains.ustsubaki.com/ImgMedium/Cam-Clutch-MIUS-Series.jpg
2304921,MIUS600-45,http://chains.ustsubaki.com/ImgMedium/Cam-Clutch-MIUS-Series.jpg
2304897,MIUS300-H,http://chains.ustsubaki.com/ImgMedium/Cam-Clutch-MIUS-Series.jpg
2304925,MIUS700-2D,http://chains.ustsubaki.com/ImgMedium/Cam-Clutch-MIUS-Series.jpg
2304905,MIUS400-L,http://chains.ustsubaki.com/ImgMedium/Cam-Clutch-MIUS-Series.jpg
2304949,MIUS800-3D,http://chains.ustsubaki.com/ImgMedium/Cam-Clutch-MIUS-Series.jpg
2304941,MIUS750-65,http://chains.ustsubaki.com/ImgMedium/Cam-Clutch-MIUS-Series.jpg
2304893,MGUS900-5D,http://chains.ustsubaki.com/ImgMedium/MG300.jpg
2304933,MIUS700-65,http://chains.ustsubaki.com/ImgMedium/Cam-Clutch-MIUS-Series.jpg
2304761,BS75-2J,http://chains.ustsubaki.com/ImgMedium/cc_bs2.png
2304961,MIUS900-110,http://chains.ustsubaki.com/ImgMedium/Cam-Clutch-MIUS-Series.jpg
2304981,BB17GDK,http://chains.ustsubaki.com/ImgMedium/Cam-Clutch-BB-2GD-Series---K.jpg
2305017,BUS211,http://chains.ustsubaki.com/ImgMedium/Cam-Clutch-BUS200-Series.jpg
2304957,MIUS800-80,http://chains.ustsubaki.com/ImgMedium/Cam-Clutch-MIUS-Series.jpg
2304929,MIUS700-2R,http://chains.ustsubaki.com/ImgMedium/Cam-Clutch-MIUS-Series.jpg
2304937,MIUS750-2L,http://chains.ustsubaki.com/ImgMedium/Cam-Clutch-MIUS-Series.jpg
2304973,MIUS900-5G,http://chains.ustsubaki.com/ImgMedium/Cam-Clutch-MIUS-Series.jpg
2305001,BB35GDK,http://chains.ustsubaki.com/ImgMedium/Cam-Clutch-BB-2GD-Series---K.jpg
2305061,PBUS10-1B-LH,http://chains.ustsubaki.com/ImgMedium/PB.jpg
2305021,MZ15-15,http://chains.ustsubaki.com/ImgMedium/MZ20.jpg
2305013,BUS207,http://chains.ustsubaki.com/ImgMedium/Cam-Clutch-BUS200-Series.jpg
2305073,PBUS14-1J-LH,http://chains.ustsubaki.com/ImgMedium/PB.jpg
2304969,MIUS900-4L,http://chains.ustsubaki.com/ImgMedium/Cam-Clutch-MIUS-Series.jpg
2305069,PBUS12-1H-LH,http://chains.ustsubaki.com/ImgMedium/PB.jpg
2305077,PBUS14-45-LH,http://chains.ustsubaki.com/ImgMedium/PB.jpg
2304953,MIUS800-3R,http://chains.ustsubaki.com/ImgMedium/Cam-Clutch-MIUS-Series.jpg
2305065,PBUS10-30-LH,http://chains.ustsubaki.com/ImgMedium/PB.jpg
2305085,PBUS5-16-LH,http://chains.ustsubaki.com/ImgMedium/PB.jpg
2305081,PBUS3-F-LH,http://chains.ustsubaki.com/ImgMedium/PB.jpg
2305093,PBUS6-L-LH,http://chains.ustsubaki.com/ImgMedium/PB.jpg
2305105,TFS25,http://chains.ustsubaki.com/ImgMedium/Cam-Clutch-TFS-Series.jpg
2305097,PBUS8-25-LH,http://chains.ustsubaki.com/ImgMedium/PB.jpg
2305101,TFS12,http://chains.ustsubaki.com/ImgMedium/Cam-Clutch-TFS-Series.jpg
2305125,TSS8,http://chains.ustsubaki.com/ImgMedium/Cam-Clutch-TSS-Series.jpg
2305089,PBUS5-J-LH,http://chains.ustsubaki.com/ImgMedium/PB.jpg
1752586,140F24,http://chains.ustsubaki.com/ImgMedium/QD Sprocket.jpg
1752598,160F17,http://chains.ustsubaki.com/ImgMedium/QD Sprocket.jpg
1752606,160F25,http://chains.ustsubaki.com/ImgMedium/QD Sprocket.jpg
1752618,35SH42,http://chains.ustsubaki.com/ImgMedium/QD Sprocket.jpg
1752594,140SF13,http://chains.ustsubaki.com/ImgMedium/QD Sprocket.jpg
1752614,35JA32,http://chains.ustsubaki.com/ImgMedium/QD Sprocket.jpg
1752610,160J30,http://chains.ustsubaki.com/ImgMedium/QD Sprocket.jpg
1752590,140J45,http://chains.ustsubaki.com/ImgMedium/QD Sprocket.jpg
2304644,BR100HT-S100A-100,http://chains.ustsubaki.com/ImgMedium/BR20.jpg
2304676,BR50HT-B86B-70,http://chains.ustsubaki.com/ImgMedium/BR20.jpg
2304692,BR80HT-B120B-65,http://chains.ustsubaki.com/ImgMedium/BR20.jpg
2304708,BR95HT-S100C-100,http://chains.ustsubaki.com/ImgMedium/BR20.jpg
2304652,BR30HT-R51B-30,http://chains.ustsubaki.com/ImgMedium/BR20.jpg
2304736,BS50-1P,http://chains.ustsubaki.com/ImgMedium/cc_bs2.png
2304672,BR50HT-B86B-45,http://chains.ustsubaki.com/ImgMedium/BR20.jpg
2304668,BR48HT-R76B-45,http://chains.ustsubaki.com/ImgMedium/BR20.jpg
2304656,BR35HT-B56B-35,http://chains.ustsubaki.com/ImgMedium/BR20.jpg
2304748,BS65-2H,http://chains.ustsubaki.com/ImgMedium/cc_bs2.png
2304740,BS65-1H,http://chains.ustsubaki.com/ImgMedium/cc_bs2.png
2304704,BR95HT-R170C-130,http://chains.ustsubaki.com/ImgMedium/BR20.jpg
2304700,BR90HT-B140B-65,http://chains.ustsubaki.com/ImgMedium/BR20.jpg
2304660,BR38HT-R61A-40,http://chains.ustsubaki.com/ImgMedium/BR20.jpg
2304784,BS95-2F,http://chains.ustsubaki.com/ImgMedium/cc_bs2.png
2304796,BS95-85,http://chains.ustsubaki.com/ImgMedium/cc_bs2.png
2304808,BSEU70-55,http://chains.ustsubaki.com/ImgMedium/Cam-Clutch-BSEU-Series.jpg
2304752,BS65-55,http://chains.ustsubaki.com/ImgMedium/cc_bs2.png
2304760,BS75-2H,http://chains.ustsubaki.com/ImgMedium/cc_bs2.png
2304764,BS75-2R,http://chains.ustsubaki.com/ImgMedium/cc_bs2.png
2304772,BS85-2J,http://chains.ustsubaki.com/ImgMedium/cc_bs2.png
2304732,BS50-1G,http://chains.ustsubaki.com/ImgMedium/cc_bs2.png
2304920,MIUS600-40,http://chains.ustsubaki.com/ImgMedium/Cam-Clutch-MIUS-Series.jpg
2304940,MIUS750-3D,http://chains.ustsubaki.com/ImgMedium/Cam-Clutch-MIUS-Series.jpg
2304900,MIUS400-18,http://chains.ustsubaki.com/ImgMedium/Cam-Clutch-MIUS-Series.jpg
2304936,MIUS750-2H,http://chains.ustsubaki.com/ImgMedium/Cam-Clutch-MIUS-Series.jpg
2304956,MIUS800-4G,http://chains.ustsubaki.com/ImgMedium/Cam-Clutch-MIUS-Series.jpg
2304928,MIUS700-2L,http://chains.ustsubaki.com/ImgMedium/Cam-Clutch-MIUS-Series.jpg
2304952,MIUS800-3L,http://chains.ustsubaki.com/ImgMedium/Cam-Clutch-MIUS-Series.jpg
2304904,MIUS400-J,http://chains.ustsubaki.com/ImgMedium/Cam-Clutch-MIUS-Series.jpg
2304968,MIUS900-4H,http://chains.ustsubaki.com/ImgMedium/Cam-Clutch-MIUS-Series.jpg
2304972,MIUS900-5D,http://chains.ustsubaki.com/ImgMedium/Cam-Clutch-MIUS-Series.jpg
2304912,MIUS500-P,http://chains.ustsubaki.com/ImgMedium/Cam-Clutch-MIUS-Series.jpg
2304944,MIUS750-80,http://chains.ustsubaki.com/ImgMedium/Cam-Clutch-MIUS-Series.jpg
2304976,BB15GDK,http://chains.ustsubaki.com/ImgMedium/Cam-Clutch-BB-2GD-Series---K.jpg
2304960,MIUS900-100,http://chains.ustsubaki.com/ImgMedium/Cam-Clutch-MIUS-Series.jpg
2304932,MIUS700-60,http://chains.ustsubaki.com/ImgMedium/Cam-Clutch-MIUS-Series.jpg
2305028,MZ30-22,http://chains.ustsubaki.com/ImgMedium/MZ20.jpg
2305020,BUS214,http://chains.ustsubaki.com/ImgMedium/Cam-Clutch-BUS200-Series.jpg
2304964,MIUS900-135,http://chains.ustsubaki.com/ImgMedium/Cam-Clutch-MIUS-Series.jpg
2304916,MIUS600-1J,http://chains.ustsubaki.com/ImgMedium/Cam-Clutch-MIUS-Series.jpg
2305012,BUS206,http://chains.ustsubaki.com/ImgMedium/Cam-Clutch-BUS200-Series.jpg
2305024,MZ17-J,http://chains.ustsubaki.com/ImgMedium/MZ20.jpg
2304996,BB30GDK,http://chains.ustsubaki.com/ImgMedium/Cam-Clutch-BB-2GD-Series---K.jpg
2305032,MZ35-1D,http://chains.ustsubaki.com/ImgMedium/MZ20.jpg
2305016,BUS210,http://chains.ustsubaki.com/ImgMedium/Cam-Clutch-BUS200-Series.jpg
2305040,MZ60-50,http://chains.ustsubaki.com/ImgMedium/MZ20.jpg
2305064,PBUS10-1D-RH,http://chains.ustsubaki.com/ImgMedium/PB.jpg
2305088,PBUS5-H-RH,http://chains.ustsubaki.com/ImgMedium/PB.jpg
2305072,PBUS12-40-RH,http://chains.ustsubaki.com/ImgMedium/PB.jpg
2305068,PBUS12-1F-RH,http://chains.ustsubaki.com/ImgMedium/PB.jpg
2305096,PBUS8-1-RH,http://chains.ustsubaki.com/ImgMedium/PB.jpg
2305116,TSS15,http://chains.ustsubaki.com/ImgMedium/Cam-Clutch-TSS-Series.jpg
2305080,PBUS3-10-RH,http://chains.ustsubaki.com/ImgMedium/PB.jpg
2305108,TFS40,http://chains.ustsubaki.com/ImgMedium/Cam-Clutch-TFS-Series.jpg
2305100,PBUS8-P-RH,http://chains.ustsubaki.com/ImgMedium/PB.jpg
2305084,PBUS3-H-RH,http://chains.ustsubaki.com/ImgMedium/PB.jpg
2305092,PBUS6-20-RH,http://chains.ustsubaki.com/ImgMedium/PB.jpg
2305156,MZEU100E5,http://chains.ustsubaki.com/ImgMedium/Cam-Clutch-MZEU-Series-E5-Flange-with-E5-Flange.jpg
2305176,MZEU15E1,http://chains.ustsubaki.com/ImgMedium/Cam-Clutch-MZEU-Series-E1-Flange-with-E2-Flange.jpg
2305160,MZEU12E3,http://chains.ustsubaki.com/ImgMedium/Cam-Clutch-MZEU-Series-E3-Torque-Arm-with-E4-Cover.jpg
2305076,PBUS14-1L-RH,http://chains.ustsubaki.com/ImgMedium/PB.jpg
2305196,MZEU30E3,http://chains.ustsubaki.com/ImgMedium/Cam-Clutch-MZEU-Series-E3-Torque-Arm-with-E4-Cover.jpg
2305164,MZEU130E1,http://chains.ustsubaki.com/ImgMedium/Cam-Clutch-MZEU-Series-E1-Flange-with-E2-Flange.jpg
2305192,MZEU25E5,http://chains.ustsubaki.com/ImgMedium/Cam-Clutch-MZEU-Series-E5-Flange-with-E5-Flange.jpg
2305152,MZEU100E1,http://chains.ustsubaki.com/ImgMedium/Cam-Clutch-MZEU-Series-E1-Flange-with-E2-Flange.jpg
2305200,MZEU35E1,http://chains.ustsubaki.com/ImgMedium/Cam-Clutch-MZEU-Series-E1-Flange-with-E2-Flange.jpg
2305184,MZEU20E3,http://chains.ustsubaki.com/ImgMedium/Cam-Clutch-MZEU-Series-E3-Torque-Arm-with-E4-Cover.jpg
2305204,MZEU35E5,http://chains.ustsubaki.com/ImgMedium/Cam-Clutch-MZEU-Series-E5-Flange-with-E5-Flange.jpg
2305168,MZEU130E5,http://chains.ustsubaki.com/ImgMedium/Cam-Clutch-MZEU-Series-E5-Flange-with-E5-Flange.jpg
2305208,MZEU40E3,http://chains.ustsubaki.com/ImgMedium/Cam-Clutch-MZEU-Series-E3-Torque-Arm-with-E4-Cover.jpg
2305220,MZEU50E3,http://chains.ustsubaki.com/ImgMedium/Cam-Clutch-MZEU-Series-E3-Torque-Arm-with-E4-Cover.jpg
2305216,MZEU45E5,http://chains.ustsubaki.com/ImgMedium/Cam-Clutch-MZEU-Series-E5-Flange-with-E5-Flange.jpg
2305224,MZEU55E1,http://chains.ustsubaki.com/ImgMedium/Cam-Clutch-MZEU-Series-E1-Flange-with-E2-Flange.jpg
2305172,MZEU150E3,http://chains.ustsubaki.com/ImgMedium/Cam-Clutch-MZEU-Series-E3-Torque-Arm-with-E4-Cover.jpg
2305236,MZEU70E1,http://chains.ustsubaki.com/ImgMedium/Cam-Clutch-MZEU-Series-E1-Flange-with-E2-Flange.jpg
2305232,MZEU60E3,http://chains.ustsubaki.com/ImgMedium/Cam-Clutch-MZEU-Series-E3-Torque-Arm-with-E4-Cover.jpg
2305180,MZEU15E5,http://chains.ustsubaki.com/ImgMedium/Cam-Clutch-MZEU-Series-E5-Flange-with-E5-Flange.jpg
2305212,MZEU45E1,http://chains.ustsubaki.com/ImgMedium/Cam-Clutch-MZEU-Series-E1-Flange-with-E2-Flange.jpg
2305240,MZEU70E5,http://chains.ustsubaki.com/ImgMedium/Cam-Clutch-MZEU-Series-E5-Flange-with-E5-Flange.jpg
2305228,MZEU55E5,http://chains.ustsubaki.com/ImgMedium/Cam-Clutch-MZEU-Series-E5-Flange-with-E5-Flange.jpg
2305248,MZEU90E1,http://chains.ustsubaki.com/ImgMedium/Cam-Clutch-MZEU-Series-E1-Flange-with-E2-Flange.jpg
2305252,MZEU90E5,http://chains.ustsubaki.com/ImgMedium/Cam-Clutch-MZEU-Series-E5-Flange-with-E5-Flange.jpg
2305244,MZEU80E3,http://chains.ustsubaki.com/ImgMedium/Cam-Clutch-MZEU-Series-E3-Torque-Arm-with-E4-Cover.jpg
389919,W40,http://chains.ustsubaki.com/ImgMedium/a1630.jpg
389955,100EWC,http://chains.ustsubaki.com/ImgMedium/a1632.jpg
389967,60SFW,http://chains.ustsubaki.com/ImgMedium/a1633.jpg
389959,120EW,http://chains.ustsubaki.com/ImgMedium/a1633.jpg
390139,W25,http://chains.ustsubaki.com/ImgMedium/a1630.jpg
389951,160MW,http://chains.ustsubaki.com/ImgMedium/a1633.jpg
390250,50TL2,http://chains.ustsubaki.com/ImgMedium/e142.jpg
390260,60EW,http://chains.ustsubaki.com/ImgMedium/a1633.jpg
390206,120FW,http://chains.ustsubaki.com/ImgMedium/a1632.jpg
390310,60TL2,http://chains.ustsubaki.com/ImgMedium/e142.jpg
391565,AL822,http://chains.ustsubaki.com/ImgMedium/AL-Series-Leaf-chain.jpg
391699,BL1066,http://chains.ustsubaki.com/ImgMedium/BL-Series-Leaf-chain.jpg
391638,BL523,http://chains.ustsubaki.com/ImgMedium/BL-Series-Leaf-chain.jpg
391675,BL1046,http://chains.ustsubaki.com/ImgMedium/BL-Series-Leaf-chain.jpg
391655,BL644,http://chains.ustsubaki.com/ImgMedium/BL-Series-Leaf-chain.jpg
391687,AL844,http://chains.ustsubaki.com/ImgMedium/AL-Series-Leaf-chain.jpg
391882,AL444,http://chains.ustsubaki.com/ImgMedium/AL-Series-Leaf-chain.jpg
391861,AL1244,http://chains.ustsubaki.com/ImgMedium/AL-Series-Leaf-chain.jpg
391907,AL1044,http://chains.ustsubaki.com/ImgMedium/AL-Series-Leaf-chain.jpg
392498,BL544,http://chains.ustsubaki.com/ImgMedium/BL-Series-Leaf-chain.jpg
392547,AL522,http://chains.ustsubaki.com/ImgMedium/AL-Series-Leaf-chain.jpg
393223,BL834,http://chains.ustsubaki.com/ImgMedium/BL-Series-Leaf-chain.jpg
394449,C2030VRP-GB,http://chains.ustsubaki.com/ImgMedium/a1919.jpg
394445,C2060VRP-GB,http://chains.ustsubaki.com/ImgMedium/a1919.jpg
394453,C2030VRP-PGR,http://chains.ustsubaki.com/ImgMedium/a1912.jpg
394558,80SDS13,http://chains.ustsubaki.com/ImgMedium/QD Sprocket.jpg
394466,T80B17,http://chains.ustsubaki.com/ImgMedium/triple strand.jpg
394433,C2040VRP-RG,http://chains.ustsubaki.com/ImgMedium/a1918.jpg
394755,T50B15,http://chains.ustsubaki.com/ImgMedium/triple strand.jpg
394672,35JA27,http://chains.ustsubaki.com/ImgMedium/QD Sprocket.jpg
394829,1.20E+22,http://chains.ustsubaki.com/ImgMedium/QD Sprocket.jpg
394873,2040B22,http://chains.ustsubaki.com/ImgMedium/a1613.jpg
394939,2062A28,http://chains.ustsubaki.com/ImgMedium/a1618.jpg
395110,60SDS22,http://chains.ustsubaki.com/ImgMedium/QD Sprocket.jpg
395151,40SDS48,http://chains.ustsubaki.com/ImgMedium/QD Sprocket.jpg
395213,60SK40,http://chains.ustsubaki.com/ImgMedium/QD Sprocket.jpg
395195,1.00E+30,http://chains.ustsubaki.com/ImgMedium/QD Sprocket.jpg
395296,D60BTL14,http://chains.ustsubaki.com/ImgMedium/TL Spkt.jpg
395358,T100B18,http://chains.ustsubaki.com/ImgMedium/triple strand.jpg
395387,2082A15,http://chains.ustsubaki.com/ImgMedium/a1621.jpg
395334,120J60,http://chains.ustsubaki.com/ImgMedium/QD Sprocket.jpg
395395,60SK32,http://chains.ustsubaki.com/ImgMedium/QD Sprocket.jpg
395702,100SDS12,http://chains.ustsubaki.com/ImgMedium/QD Sprocket.jpg
395707,D50CTL60,http://chains.ustsubaki.com/ImgMedium/TL Spkt.jpg
395788,2042A23,http://chains.ustsubaki.com/ImgMedium/a1612.jpg
395818,50SDS25,http://chains.ustsubaki.com/ImgMedium/QD Sprocket.jpg
396168,2062A14,http://chains.ustsubaki.com/ImgMedium/a1618.jpg
396164,2062A20,http://chains.ustsubaki.com/ImgMedium/a1618.jpg
396197,2082A26,http://chains.ustsubaki.com/ImgMedium/a1621.jpg
396205,2052A14,http://chains.ustsubaki.com/ImgMedium/a1615.jpg
396267,D60BTL17,http://chains.ustsubaki.com/ImgMedium/TL Spkt.jpg
396340,T40B13,http://chains.ustsubaki.com/ImgMedium/triple strand.jpg
396336,T40B17,http://chains.ustsubaki.com/ImgMedium/triple strand.jpg
396360,50SDS20,http://chains.ustsubaki.com/ImgMedium/QD Sprocket.jpg
396377,T60B23,http://chains.ustsubaki.com/ImgMedium/triple strand.jpg
396373,T60B11,http://chains.ustsubaki.com/ImgMedium/triple strand.jpg
396472,2052A28,http://chains.ustsubaki.com/ImgMedium/a1615.jpg
396496,2052A24,http://chains.ustsubaki.com/ImgMedium/a1615.jpg
396468,2042A17,http://chains.ustsubaki.com/ImgMedium/a1612.jpg
396516,2052A19,http://chains.ustsubaki.com/ImgMedium/a1615.jpg
396520,2052A15,http://chains.ustsubaki.com/ImgMedium/a1615.jpg
396540,100SK13,http://chains.ustsubaki.com/ImgMedium/QD Sprocket.jpg
396548,40SH21,http://chains.ustsubaki.com/ImgMedium/QD Sprocket.jpg
396524,T80B24,http://chains.ustsubaki.com/ImgMedium/triple strand.jpg
396552,T80B14,http://chains.ustsubaki.com/ImgMedium/triple strand.jpg
396585,DS40A22,http://chains.ustsubaki.com/ImgMedium/Double-Single-Spkt.jpg
396581,2062A26,http://chains.ustsubaki.com/ImgMedium/a1618.jpg
396605,1.00E+20,http://chains.ustsubaki.com/ImgMedium/QD Sprocket.jpg
396560,T100B23,http://chains.ustsubaki.com/ImgMedium/triple strand.jpg
396634,1.20E+19,http://chains.ustsubaki.com/ImgMedium/QD Sprocket.jpg
396597,100SF15,http://chains.ustsubaki.com/ImgMedium/QD Sprocket.jpg
396638,100SF16,http://chains.ustsubaki.com/ImgMedium/QD Sprocket.jpg
396646,1.20E+23,http://chains.ustsubaki.com/ImgMedium/QD Sprocket.jpg
396719,60SDS21,http://chains.ustsubaki.com/ImgMedium/QD Sprocket.jpg
396724,60SK35,http://chains.ustsubaki.com/ImgMedium/QD Sprocket.jpg
396695,DS40ATL24,http://chains.ustsubaki.com/ImgMedium/Double-Single-Spkt.jpg
396740,60JA13,http://chains.ustsubaki.com/ImgMedium/QD Sprocket.jpg
396760,80SF33,http://chains.ustsubaki.com/ImgMedium/QD Sprocket.jpg
396683,60SK30,http://chains.ustsubaki.com/ImgMedium/QD Sprocket.jpg
396748,80SDS14,http://chains.ustsubaki.com/ImgMedium/QD Sprocket.jpg
396772,80SF27,http://chains.ustsubaki.com/ImgMedium/QD Sprocket.jpg
396784,40SDS54,http://chains.ustsubaki.com/ImgMedium/QD Sprocket.jpg
396813,50SDS21,http://chains.ustsubaki.com/ImgMedium/QD Sprocket.jpg
396752,D50BTL25,http://chains.ustsubaki.com/ImgMedium/TL Spkt.jpg
396776,40JA15,http://chains.ustsubaki.com/ImgMedium/QD Sprocket.jpg
396732,50SH19,http://chains.ustsubaki.com/ImgMedium/QD Sprocket.jpg
396834,T60B19,http://chains.ustsubaki.com/ImgMedium/triple strand.jpg
396825,40SK112,http://chains.ustsubaki.com/ImgMedium/QD Sprocket.jpg
396805,35JA21,http://chains.ustsubaki.com/ImgMedium/QD Sprocket.jpg
396809,40SK96,http://chains.ustsubaki.com/ImgMedium/QD Sprocket.jpg
396888,T80B13,http://chains.ustsubaki.com/ImgMedium/triple strand.jpg
396880,DS50A24,http://chains.ustsubaki.com/ImgMedium/Double-Single-Spkt.jpg
396876,140CTL36,http://chains.ustsubaki.com/ImgMedium/TL Spkt.jpg
396908,40B17SS,http://chains.ustsubaki.com/ImgMedium/a1522.jpg
396965,D80ATL17,http://chains.ustsubaki.com/ImgMedium/DBL_ATaper_lock_2.jpg
396985,D50CTL36,http://chains.ustsubaki.com/ImgMedium/TL Spkt.jpg
397071,D50ATL16,http://chains.ustsubaki.com/ImgMedium/TL Spkt.jpg
397059,D40CTL42,http://chains.ustsubaki.com/ImgMedium/TL Spkt.jpg
397088,T100B24,http://chains.ustsubaki.com/ImgMedium/triple strand.jpg
397031,2052A26,http://chains.ustsubaki.com/ImgMedium/a1615.jpg
396989,D60BTL25,http://chains.ustsubaki.com/ImgMedium/TL Spkt.jpg
397157,2042A19,http://chains.ustsubaki.com/ImgMedium/a1612.jpg
397209,T40B25,http://chains.ustsubaki.com/ImgMedium/triple strand.jpg
397213,DS40A19,http://chains.ustsubaki.com/ImgMedium/Double-Single-Spkt.jpg
397321,D50ATL14,http://chains.ustsubaki.com/ImgMedium/TL Spkt.jpg
397378,120CTL80,http://chains.ustsubaki.com/ImgMedium/a1579.jpg
397525,1.00E+23,http://chains.ustsubaki.com/ImgMedium/QD Sprocket.jpg
397555,DS50A22,http://chains.ustsubaki.com/ImgMedium/Double-Single-Spkt.jpg
397615,40SH24,http://chains.ustsubaki.com/ImgMedium/QD Sprocket.jpg
397730,DS40A20,http://chains.ustsubaki.com/ImgMedium/Double-Single-Spkt.jpg
397770,T40B14,http://chains.ustsubaki.com/ImgMedium/triple strand.jpg
397803,C2080VRP-10,http://chains.ustsubaki.com/ImgMedium/a1900.jpg
397847,DS40A23,http://chains.ustsubaki.com/ImgMedium/Double-Single-Spkt.jpg
397949,T50B19,http://chains.ustsubaki.com/ImgMedium/triple strand.jpg
398002,120SF14,http://chains.ustsubaki.com/ImgMedium/QD Sprocket.jpg
389912,W12,http://chains.ustsubaki.com/ImgMedium/a1630.jpg
389956,120JW,http://chains.ustsubaki.com/ImgMedium/a1632.jpg
389973,40TL3,http://chains.ustsubaki.com/ImgMedium/e142.jpg
389960,50SKW,http://chains.ustsubaki.com/ImgMedium/a1633.jpg
389924,80TL1,http://chains.ustsubaki.com/ImgMedium/e142.jpg
389920,80EW,http://chains.ustsubaki.com/ImgMedium/a1632.jpg
390246,50TL1,http://chains.ustsubaki.com/ImgMedium/e142.jpg
390476,160JW,http://chains.ustsubaki.com/ImgMedium/a1632.jpg
391081,TU1143,http://chains.ustsubaki.com/ImgMedium/a1945.jpg
391054,TS826-PA,http://chains.ustsubaki.com/ImgMedium/a1952.jpg
391171,40SSTENT2,http://chains.ustsubaki.com/ImgMedium/a2049.jpg
391688,BL1446,http://chains.ustsubaki.com/ImgMedium/BL-Series-Leaf-chain.jpg
391692,BL1466,http://chains.ustsubaki.com/ImgMedium/BL-Series-Leaf-chain.jpg
391696,BL1623,http://chains.ustsubaki.com/ImgMedium/BL-Series-Leaf-chain.jpg
391745,BL846,http://chains.ustsubaki.com/ImgMedium/BL-Series-Leaf-chain.jpg
391871,AL566,http://chains.ustsubaki.com/ImgMedium/AL-Series-Leaf-chain.jpg
391875,AL644,http://chains.ustsubaki.com/ImgMedium/AL-Series-Leaf-chain.jpg
391866,AL1444,http://chains.ustsubaki.com/ImgMedium/AL-Series-Leaf-chain.jpg
392479,8300-24,http://chains.ustsubaki.com/ImgMedium/Vacuum-Wrapper-Chain.jpg
393401,8300-18,http://chains.ustsubaki.com/ImgMedium/Vacuum-Wrapper-Chain.jpg
393645,BL546,http://chains.ustsubaki.com/ImgMedium/BL-Series-Leaf-chain.jpg
394194,BL1044,http://chains.ustsubaki.com/ImgMedium/BL-Series-Leaf-chain.jpg
394406,TSB2CT200,http://chains.ustsubaki.com/ImgMedium/shock_relay2.jpg
394442,C2050VRP-PGR,http://chains.ustsubaki.com/ImgMedium/a1914.jpg
394446,C2040VRP-PGR,http://chains.ustsubaki.com/ImgMedium/a1913.jpg
394434,C2080VRP-R3LS,http://chains.ustsubaki.com/ImgMedium/a1911.jpg
394509,DS60A14,http://chains.ustsubaki.com/ImgMedium/Double-Single-Spkt.jpg
394730,D60BTL13,http://chains.ustsubaki.com/ImgMedium/TL Spkt.jpg
394734,80SK17,http://chains.ustsubaki.com/ImgMedium/QD Sprocket.jpg
394747,60SK27,http://chains.ustsubaki.com/ImgMedium/QD Sprocket.jpg
394783,40SK70,http://chains.ustsubaki.com/ImgMedium/QD Sprocket.jpg
394808,DS100A19,http://chains.ustsubaki.com/ImgMedium/Double-Single-Spkt.jpg
394907,2082A12,http://chains.ustsubaki.com/ImgMedium/a1621.jpg
394874,T80B20,http://chains.ustsubaki.com/ImgMedium/triple strand.jpg
394952,50SK54,http://chains.ustsubaki.com/ImgMedium/QD Sprocket.jpg
394911,80SF42,http://chains.ustsubaki.com/ImgMedium/QD Sprocket.jpg
394990,D40BTL25,http://chains.ustsubaki.com/ImgMedium/TL Spkt.jpg
395015,60SDS20,http://chains.ustsubaki.com/ImgMedium/QD Sprocket.jpg
395090,50SDS42,http://chains.ustsubaki.com/ImgMedium/QD Sprocket.jpg
395161,T50B35,http://chains.ustsubaki.com/ImgMedium/triple strand.jpg
395173,D40BTL30,http://chains.ustsubaki.com/ImgMedium/TL Spkt.jpg
395355,60SF60,http://chains.ustsubaki.com/ImgMedium/QD Sprocket.jpg
395330,50SDS48,http://chains.ustsubaki.com/ImgMedium/QD Sprocket.jpg
395502,2082A20,http://chains.ustsubaki.com/ImgMedium/a1621.jpg
395608,50SDS24,http://chains.ustsubaki.com/ImgMedium/QD Sprocket.jpg
395641,1.20E+28,http://chains.ustsubaki.com/ImgMedium/QD Sprocket.jpg
395649,DS80ATL20,http://chains.ustsubaki.com/ImgMedium/Double-Single-Spkt.jpg
395813,2062A23,http://chains.ustsubaki.com/ImgMedium/a1618.jpg
395871,T50B16,http://chains.ustsubaki.com/ImgMedium/triple strand.jpg
395858,80SF60,http://chains.ustsubaki.com/ImgMedium/QD Sprocket.jpg
395960,50SDS22,http://chains.ustsubaki.com/ImgMedium/QD Sprocket.jpg
396083,T40B23,http://chains.ustsubaki.com/ImgMedium/triple strand.jpg
396133,T40B18,http://chains.ustsubaki.com/ImgMedium/triple strand.jpg
396157,2082A11,http://chains.ustsubaki.com/ImgMedium/a1621.jpg
396169,2062A16,http://chains.ustsubaki.com/ImgMedium/a1618.jpg
396165,2062A21,http://chains.ustsubaki.com/ImgMedium/a1618.jpg
396178,2062A25,http://chains.ustsubaki.com/ImgMedium/a1618.jpg
396174,2062A30,http://chains.ustsubaki.com/ImgMedium/a1618.jpg
396198,2082A13,http://chains.ustsubaki.com/ImgMedium/a1621.jpg
396337,T40B19,http://chains.ustsubaki.com/ImgMedium/triple strand.jpg
396206,2082A28,http://chains.ustsubaki.com/ImgMedium/a1621.jpg
396345,T40B35,http://chains.ustsubaki.com/ImgMedium/triple strand.jpg
396353,T100B21,http://chains.ustsubaki.com/ImgMedium/triple strand.jpg
396366,T100B25,http://chains.ustsubaki.com/ImgMedium/triple strand.jpg
396361,T40B11,http://chains.ustsubaki.com/ImgMedium/triple strand.jpg
396349,T40B21,http://chains.ustsubaki.com/ImgMedium/triple strand.jpg
396396,T50B20,http://chains.ustsubaki.com/ImgMedium/triple strand.jpg
396392,T50B24,http://chains.ustsubaki.com/ImgMedium/triple strand.jpg
396374,T60B21,http://chains.ustsubaki.com/ImgMedium/triple strand.jpg
396461,2042A20,http://chains.ustsubaki.com/ImgMedium/a1612.jpg
396444,T100B13,http://chains.ustsubaki.com/ImgMedium/triple strand.jpg
396489,DS80A21,http://chains.ustsubaki.com/ImgMedium/Double-Single-Spkt.jpg
396497,2052A25,http://chains.ustsubaki.com/ImgMedium/a1615.jpg
396469,2042A30,http://chains.ustsubaki.com/ImgMedium/a1612.jpg
396493,2052A30,http://chains.ustsubaki.com/ImgMedium/a1615.jpg
396529,T80B22,http://chains.ustsubaki.com/ImgMedium/triple strand.jpg
396525,T80B30,http://chains.ustsubaki.com/ImgMedium/triple strand.jpg
396537,DS100A16,http://chains.ustsubaki.com/ImgMedium/Double-Single-Spkt.jpg
396570,DS60A15,http://chains.ustsubaki.com/ImgMedium/Double-Single-Spkt.jpg
396598,120F48,http://chains.ustsubaki.com/ImgMedium/QD Sprocket.jpg
396627,140J54,http://chains.ustsubaki.com/ImgMedium/QD Sprocket.jpg
396643,1.20E+30,http://chains.ustsubaki.com/ImgMedium/QD Sprocket.jpg
396619,120F54,http://chains.ustsubaki.com/ImgMedium/QD Sprocket.jpg
396610,DS60ATL24,http://chains.ustsubaki.com/ImgMedium/Double-Single-Spkt.jpg
396606,1.00E+21,http://chains.ustsubaki.com/ImgMedium/QD Sprocket.jpg
396639,100SF17,http://chains.ustsubaki.com/ImgMedium/QD Sprocket.jpg
396635,1.20E+21,http://chains.ustsubaki.com/ImgMedium/QD Sprocket.jpg
396721,80SF54,http://chains.ustsubaki.com/ImgMedium/QD Sprocket.jpg
396725,80SK15,http://chains.ustsubaki.com/ImgMedium/QD Sprocket.jpg
396647,1.20E+25,http://chains.ustsubaki.com/ImgMedium/QD Sprocket.jpg
396757,60SK26,http://chains.ustsubaki.com/ImgMedium/QD Sprocket.jpg
396716,80SK16,http://chains.ustsubaki.com/ImgMedium/QD Sprocket.jpg
396745,60SF48,http://chains.ustsubaki.com/ImgMedium/QD Sprocket.jpg
396753,60SF96,http://chains.ustsubaki.com/ImgMedium/QD Sprocket.jpg
396765,80SF36,http://chains.ustsubaki.com/ImgMedium/QD Sprocket.jpg
396737,50SK72,http://chains.ustsubaki.com/ImgMedium/QD Sprocket.jpg
396773,80SF26,http://chains.ustsubaki.com/ImgMedium/QD Sprocket.jpg
396785,40SDS60,http://chains.ustsubaki.com/ImgMedium/QD Sprocket.jpg
396798,160J35,http://chains.ustsubaki.com/ImgMedium/QD Sprocket.jpg
396761,80SF32,http://chains.ustsubaki.com/ImgMedium/QD Sprocket.jpg
396793,160M60,http://chains.ustsubaki.com/ImgMedium/QD Sprocket.jpg
396814,120F40,http://chains.ustsubaki.com/ImgMedium/QD Sprocket.jpg
396789,40SDS40,http://chains.ustsubaki.com/ImgMedium/QD Sprocket.jpg
396806,35JA24,http://chains.ustsubaki.com/ImgMedium/QD Sprocket.jpg
396831,50JA12,http://chains.ustsubaki.com/ImgMedium/QD Sprocket.jpg
396802,35JA26,http://chains.ustsubaki.com/ImgMedium/QD Sprocket.jpg
396835,40SK72,http://chains.ustsubaki.com/ImgMedium/QD Sprocket.jpg
396978,D80BTL21,http://chains.ustsubaki.com/ImgMedium/dbl_B_TL.jpg
397072,D50ATL17,http://chains.ustsubaki.com/ImgMedium/TL Spkt.jpg
397085,D40BTL19,http://chains.ustsubaki.com/ImgMedium/TL Spkt.jpg
397113,D80ATL14,http://chains.ustsubaki.com/ImgMedium/DBL_ATaper_lock_2.jpg
397150,40SH23,http://chains.ustsubaki.com/ImgMedium/QD Sprocket.jpg
397158,T80B15,http://chains.ustsubaki.com/ImgMedium/triple strand.jpg
397214,80SF21,http://chains.ustsubaki.com/ImgMedium/QD Sprocket.jpg
397318,120CTL45,http://chains.ustsubaki.com/ImgMedium/a1579.jpg
397370,D40BTL20,http://chains.ustsubaki.com/ImgMedium/TL Spkt.jpg
397540,T100B15,http://chains.ustsubaki.com/ImgMedium/triple strand.jpg
397727,60SDS18,http://chains.ustsubaki.com/ImgMedium/QD Sprocket.jpg
397999,1.20E+20,http://chains.ustsubaki.com/ImgMedium/QD Sprocket.jpg
398027,DS60ATL20,http://chains.ustsubaki.com/ImgMedium/Double-Single-Spkt.jpg
1752580,1.40E+20,http://chains.ustsubaki.com/ImgMedium/QD Sprocket.jpg
1752596,160F15,http://chains.ustsubaki.com/ImgMedium/QD Sprocket.jpg
1752576,1.40E+16,http://chains.ustsubaki.com/ImgMedium/QD Sprocket.jpg
1752600,160F19,http://chains.ustsubaki.com/ImgMedium/QD Sprocket.jpg
1752612,35JA22,http://chains.ustsubaki.com/ImgMedium/QD Sprocket.jpg
1752604,160F23,http://chains.ustsubaki.com/ImgMedium/QD Sprocket.jpg
1752628,50SF84,http://chains.ustsubaki.com/ImgMedium/QD Sprocket.jpg
1752592,140SF11,http://chains.ustsubaki.com/ImgMedium/QD Sprocket.jpg
2304662,BR40HT-R66B-35,http://chains.ustsubaki.com/ImgMedium/BR20.jpg
2304690,BR70HT-B100A-80,http://chains.ustsubaki.com/ImgMedium/BR20.jpg
2304670,BR48HT-R76B-60,http://chains.ustsubaki.com/ImgMedium/BR20.jpg
2304646,BR15HT-R31A-20,http://chains.ustsubaki.com/ImgMedium/BR20.jpg
2304674,BR50HT-B86B-60,http://chains.ustsubaki.com/ImgMedium/BR20.jpg
2304698,BR90HT-B140B-100,http://chains.ustsubaki.com/ImgMedium/BR20.jpg
2304706,BR95HT-R170C-85,http://chains.ustsubaki.com/ImgMedium/BR20.jpg
2304682,BR60HT-B85A-60,http://chains.ustsubaki.com/ImgMedium/BR20.jpg
2304702,BR95HT-R170C-100,http://chains.ustsubaki.com/ImgMedium/BR20.jpg
2304750,BS65-45,http://chains.ustsubaki.com/ImgMedium/cc_bs2.png
2304758,BS75-2D,http://chains.ustsubaki.com/ImgMedium/cc_bs2.png
2304650,BR25HT-B46B-30,http://chains.ustsubaki.com/ImgMedium/BR20.jpg
2304774,BS85-2P,http://chains.ustsubaki.com/ImgMedium/cc_bs2.png
2304726,BS30-30,http://chains.ustsubaki.com/ImgMedium/cc_bs2.png
2304806,BSEU70-45,http://chains.ustsubaki.com/ImgMedium/Cam-Clutch-BSEU-Series.jpg
2304654,BR30HT-R51B-36,http://chains.ustsubaki.com/ImgMedium/BR20.jpg
2304770,BS85-2G,http://chains.ustsubaki.com/ImgMedium/cc_bs2.png
2304778,BS85-3D,http://chains.ustsubaki.com/ImgMedium/cc_bs2.png
2304794,BS95-3G,http://chains.ustsubaki.com/ImgMedium/cc_bs2.png
2304658,BR38HT-R61A-30,http://chains.ustsubaki.com/ImgMedium/BR20.jpg
2304786,BS95-2H,http://chains.ustsubaki.com/ImgMedium/cc_bs2.png
2304742,BS65-1L,http://chains.ustsubaki.com/ImgMedium/cc_bs2.png
2304746,BS65-2D,http://chains.ustsubaki.com/ImgMedium/cc_bs2.png
2304810,BSEU70-65,http://chains.ustsubaki.com/ImgMedium/Cam-Clutch-BSEU-Series.jpg
2304694,BR80HT-B120B-75,http://chains.ustsubaki.com/ImgMedium/BR20.jpg
2304798,BS95-95,http://chains.ustsubaki.com/ImgMedium/cc_bs2.png
2304914,MIUS600-1F,http://chains.ustsubaki.com/ImgMedium/Cam-Clutch-MIUS-Series.jpg
2304918,MIUS600-1R,http://chains.ustsubaki.com/ImgMedium/Cam-Clutch-MIUS-Series.jpg
2304938,MIUS750-2R,http://chains.ustsubaki.com/ImgMedium/Cam-Clutch-MIUS-Series.jpg
2304930,MIUS700-50,http://chains.ustsubaki.com/ImgMedium/Cam-Clutch-MIUS-Series.jpg
2304906,MIUS400-P,http://chains.ustsubaki.com/ImgMedium/Cam-Clutch-MIUS-Series.jpg
2304942,MIUS750-70,http://chains.ustsubaki.com/ImgMedium/Cam-Clutch-MIUS-Series.jpg
2304898,MIUS300-J,http://chains.ustsubaki.com/ImgMedium/Cam-Clutch-MIUS-Series.jpg
2304926,MIUS700-2G,http://chains.ustsubaki.com/ImgMedium/Cam-Clutch-MIUS-Series.jpg
2304910,MIUS500-1E,http://chains.ustsubaki.com/ImgMedium/Cam-Clutch-MIUS-Series.jpg
2304962,MIUS900-120,http://chains.ustsubaki.com/ImgMedium/Cam-Clutch-MIUS-Series.jpg
2304950,MIUS800-3G,http://chains.ustsubaki.com/ImgMedium/Cam-Clutch-MIUS-Series.jpg
2305006,BB40GDK,http://chains.ustsubaki.com/ImgMedium/Cam-Clutch-BB-2GD-Series---K.jpg
2304934,MIUS700-70,http://chains.ustsubaki.com/ImgMedium/Cam-Clutch-MIUS-Series.jpg
2305034,MZ45-1H,http://chains.ustsubaki.com/ImgMedium/MZ20.jpg
2304970,MIUS900-4R,http://chains.ustsubaki.com/ImgMedium/Cam-Clutch-MIUS-Series.jpg
2305030,MZ30-30,http://chains.ustsubaki.com/ImgMedium/MZ20.jpg
2305038,MZ60-2,http://chains.ustsubaki.com/ImgMedium/MZ20.jpg
2305010,BUS204,http://chains.ustsubaki.com/ImgMedium/Cam-Clutch-BUS200-Series.jpg
2304946,MIUS800-100,http://chains.ustsubaki.com/ImgMedium/Cam-Clutch-MIUS-Series.jpg
2304978,BB15KK,http://chains.ustsubaki.com/ImgMedium/Cam-Clutch-BB-Series_.jpg
2304966,MIUS900-4D,http://chains.ustsubaki.com/ImgMedium/Cam-Clutch-MIUS-Series.jpg
2305018,BUS212,http://chains.ustsubaki.com/ImgMedium/Cam-Clutch-BUS200-Series.jpg
2304922,MIUS600-50,http://chains.ustsubaki.com/ImgMedium/Cam-Clutch-MIUS-Series.jpg
2305066,PBUS10-30-RH,http://chains.ustsubaki.com/ImgMedium/PB.jpg
2304958,MIUS800-85,http://chains.ustsubaki.com/ImgMedium/Cam-Clutch-MIUS-Series.jpg
2305070,PBUS12-1H-RH,http://chains.ustsubaki.com/ImgMedium/PB.jpg
2305078,PBUS14-45-RH,http://chains.ustsubaki.com/ImgMedium/PB.jpg
2305022,MZ15-H,http://chains.ustsubaki.com/ImgMedium/MZ20.jpg
2305082,PBUS3-F-RH,http://chains.ustsubaki.com/ImgMedium/PB.jpg
2305074,PBUS14-1J-RH,http://chains.ustsubaki.com/ImgMedium/PB.jpg
2305090,PBUS5-J-RH,http://chains.ustsubaki.com/ImgMedium/PB.jpg
2305014,BUS208,http://chains.ustsubaki.com/ImgMedium/Cam-Clutch-BUS200-Series.jpg
2305102,TFS15,http://chains.ustsubaki.com/ImgMedium/Cam-Clutch-TFS-Series.jpg
2305086,PBUS5-16-RH,http://chains.ustsubaki.com/ImgMedium/PB.jpg
2305094,PBUS6-L-RH,http://chains.ustsubaki.com/ImgMedium/PB.jpg
2305106,TFS30,http://chains.ustsubaki.com/ImgMedium/Cam-Clutch-TFS-Series.jpg
2305110,TFS50,http://chains.ustsubaki.com/ImgMedium/Cam-Clutch-TFS-Series.jpg
2305118,TSS25,http://chains.ustsubaki.com/ImgMedium/Cam-Clutch-TSS-Series.jpg
2305158,MZEU12E1,http://chains.ustsubaki.com/ImgMedium/Cam-Clutch-MZEU-Series-E1-Flange-with-E2-Flange.jpg
2305186,MZEU20E5,http://chains.ustsubaki.com/ImgMedium/Cam-Clutch-MZEU-Series-E5-Flange-with-E5-Flange.jpg
2305162,MZEU12E5,http://chains.ustsubaki.com/ImgMedium/Cam-Clutch-MZEU-Series-E5-Flange-with-E5-Flange.jpg
2305154,MZEU100E3,http://chains.ustsubaki.com/ImgMedium/Cam-Clutch-MZEU-Series-E3-Torque-Arm-with-E4-Cover.jpg
2305170,MZEU150E1,http://chains.ustsubaki.com/ImgMedium/Cam-Clutch-MZEU-Series-E1-Flange-with-E2-Flange.jpg
2305194,MZEU30E1,http://chains.ustsubaki.com/ImgMedium/Cam-Clutch-MZEU-Series-E1-Flange-with-E2-Flange.jpg
2305174,MZEU150E5,http://chains.ustsubaki.com/ImgMedium/Cam-Clutch-MZEU-Series-E5-Flange-with-E5-Flange.jpg
2305182,MZEU20E1,http://chains.ustsubaki.com/ImgMedium/Cam-Clutch-MZEU-Series-E1-Flange-with-E2-Flange.jpg
2305206,MZEU40E1,http://chains.ustsubaki.com/ImgMedium/Cam-Clutch-MZEU-Series-E1-Flange-with-E2-Flange.jpg
2305202,MZEU35E3,http://chains.ustsubaki.com/ImgMedium/Cam-Clutch-MZEU-Series-E3-Torque-Arm-with-E4-Cover.jpg
2305214,MZEU45E3,http://chains.ustsubaki.com/ImgMedium/Cam-Clutch-MZEU-Series-E3-Torque-Arm-with-E4-Cover.jpg
2305166,MZEU130E3,http://chains.ustsubaki.com/ImgMedium/Cam-Clutch-MZEU-Series-E3-Torque-Arm-with-E4-Cover.jpg
2305226,MZEU55E3,http://chains.ustsubaki.com/ImgMedium/Cam-Clutch-MZEU-Series-E3-Torque-Arm-with-E4-Cover.jpg
2305178,MZEU15E3,http://chains.ustsubaki.com/ImgMedium/Cam-Clutch-MZEU-Series-E3-Torque-Arm-with-E4-Cover.jpg
2305234,MZEU60E5,http://chains.ustsubaki.com/ImgMedium/Cam-Clutch-MZEU-Series-E5-Flange-with-E5-Flange.jpg
2305198,MZEU30E5,http://chains.ustsubaki.com/ImgMedium/Cam-Clutch-MZEU-Series-E5-Flange-with-E5-Flange.jpg
2305210,MZEU40E5,http://chains.ustsubaki.com/ImgMedium/Cam-Clutch-MZEU-Series-E5-Flange-with-E5-Flange.jpg
2305190,MZEU25E3,http://chains.ustsubaki.com/ImgMedium/Cam-Clutch-MZEU-Series-E3-Torque-Arm-with-E4-Cover.jpg
2305230,MZEU60E1,http://chains.ustsubaki.com/ImgMedium/Cam-Clutch-MZEU-Series-E1-Flange-with-E2-Flange.jpg
2305250,MZEU90E3,http://chains.ustsubaki.com/ImgMedium/Cam-Clutch-MZEU-Series-E3-Torque-Arm-with-E4-Cover.jpg
2305242,MZEU80E1,http://chains.ustsubaki.com/ImgMedium/Cam-Clutch-MZEU-Series-E1-Flange-with-E2-Flange.jpg
2305246,MZEU80E5,http://chains.ustsubaki.com/ImgMedium/Cam-Clutch-MZEU-Series-E5-Flange-with-E5-Flange.jpg
2305238,MZEU70E3,http://chains.ustsubaki.com/ImgMedium/Cam-Clutch-MZEU-Series-E3-Torque-Arm-with-E4-Cover.jpg
2305218,MZEU50E1,http://chains.ustsubaki.com/ImgMedium/Cam-Clutch-MZEU-Series-E1-Flange-with-E2-Flange.jpg
2305222,MZEU50E5,http://chains.ustsubaki.com/ImgMedium/Cam-Clutch-MZEU-Series-E5-Flange-with-E5-Flange.jpg
1752577,1.40E+17,http://chains.ustsubaki.com/ImgMedium/QD Sprocket.jpg
1752597,160F16,http://chains.ustsubaki.com/ImgMedium/QD Sprocket.jpg
1752605,160F24,http://chains.ustsubaki.com/ImgMedium/QD Sprocket.jpg
1752585,140F23,http://chains.ustsubaki.com/ImgMedium/QD Sprocket.jpg
1752593,140SF12,http://chains.ustsubaki.com/ImgMedium/QD Sprocket.jpg
1752601,160F20,http://chains.ustsubaki.com/ImgMedium/QD Sprocket.jpg
1752617,35SH36,http://chains.ustsubaki.com/ImgMedium/QD Sprocket.jpg
1752609,160J28,http://chains.ustsubaki.com/ImgMedium/QD Sprocket.jpg
1752613,35JA23,http://chains.ustsubaki.com/ImgMedium/QD Sprocket.jpg
1752589,140F30,http://chains.ustsubaki.com/ImgMedium/QD Sprocket.jpg
2304647,BR18HT-R38A-25,http://chains.ustsubaki.com/ImgMedium/BR20.jpg
2304655,BR30HT-S30B-30,http://chains.ustsubaki.com/ImgMedium/BR20.jpg
2304691,BR80HT-B120B-60,http://chains.ustsubaki.com/ImgMedium/BR20.jpg
2304683,BR60HT-B85A-65,http://chains.ustsubaki.com/ImgMedium/BR20.jpg
2304651,BR30HT-R51B-25,http://chains.ustsubaki.com/ImgMedium/BR20.jpg
2304659,BR38HT-R61A-35,http://chains.ustsubaki.com/ImgMedium/BR20.jpg
2304663,BR40HT-R66B-40,http://chains.ustsubaki.com/ImgMedium/BR20.jpg
2304699,BR90HT-B140B-110,http://chains.ustsubaki.com/ImgMedium/BR20.jpg
2304687,BR70HT-B100A-60,http://chains.ustsubaki.com/ImgMedium/BR20.jpg
2304675,BR50HT-B86B-65,http://chains.ustsubaki.com/ImgMedium/BR20.jpg
2304667,BR45HT-S45B-45,http://chains.ustsubaki.com/ImgMedium/BR20.jpg
2304703,BR95HT-R170C-120,http://chains.ustsubaki.com/ImgMedium/BR20.jpg
2304731,BS50-1F,http://chains.ustsubaki.com/ImgMedium/cc_bs2.png
2304739,BS50-50,http://chains.ustsubaki.com/ImgMedium/cc_bs2.png
2304679,BR58HT-R101B-80,http://chains.ustsubaki.com/ImgMedium/BR20.jpg
2304727,BS30-L,http://chains.ustsubaki.com/ImgMedium/cc_bs2.png
2304743,BS65-1P,http://chains.ustsubaki.com/ImgMedium/cc_bs2.png
2304783,BS95-2D,http://chains.ustsubaki.com/ImgMedium/cc_bs2.png
2304763,BS75-2P,http://chains.ustsubaki.com/ImgMedium/cc_bs2.png
2304771,BS85-2H,http://chains.ustsubaki.com/ImgMedium/cc_bs2.png
2304779,BS85-70,http://chains.ustsubaki.com/ImgMedium/cc_bs2.png
2304747,BS65-2G,http://chains.ustsubaki.com/ImgMedium/cc_bs2.png
2304787,BS95-2J,http://chains.ustsubaki.com/ImgMedium/cc_bs2.png
2304759,BS75-2G,http://chains.ustsubaki.com/ImgMedium/cc_bs2.png
2304735,BS50-1L,http://chains.ustsubaki.com/ImgMedium/cc_bs2.png
2304795,BS95-80,http://chains.ustsubaki.com/ImgMedium/cc_bs2.png
2304755,BS75-1R,http://chains.ustsubaki.com/ImgMedium/cc_bs2.png
2304803,BSEU40-30,http://chains.ustsubaki.com/ImgMedium/Cam-Clutch-BSEU-Series.jpg
2304815,BSEU90-90,http://chains.ustsubaki.com/ImgMedium/Cam-Clutch-BSEU-Series.jpg
2304807,BSEU70-50,http://chains.ustsubaki.com/ImgMedium/Cam-Clutch-BSEU-Series.jpg
2304895,MIUS300-15,http://chains.ustsubaki.com/ImgMedium/Cam-Clutch-MIUS-Series.jpg
2304811,BSEU70-70,http://chains.ustsubaki.com/ImgMedium/Cam-Clutch-BSEU-Series.jpg
2304903,MIUS400-H,http://chains.ustsubaki.com/ImgMedium/Cam-Clutch-MIUS-Series.jpg
2304927,MIUS700-2H,http://chains.ustsubaki.com/ImgMedium/Cam-Clutch-MIUS-Series.jpg
2304935,MIUS750-2G,http://chains.ustsubaki.com/ImgMedium/Cam-Clutch-MIUS-Series.jpg
2304955,MIUS800-4D,http://chains.ustsubaki.com/ImgMedium/Cam-Clutch-MIUS-Series.jpg
2304951,MIUS800-3H,http://chains.ustsubaki.com/ImgMedium/Cam-Clutch-MIUS-Series.jpg
2304911,MIUS500-30,http://chains.ustsubaki.com/ImgMedium/Cam-Clutch-MIUS-Series.jpg
2304931,MIUS700-55,http://chains.ustsubaki.com/ImgMedium/Cam-Clutch-MIUS-Series.jpg
2304963,MIUS900-130,http://chains.ustsubaki.com/ImgMedium/Cam-Clutch-MIUS-Series.jpg
2304943,MIUS750-75,http://chains.ustsubaki.com/ImgMedium/Cam-Clutch-MIUS-Series.jpg
2304959,MIUS800-90,http://chains.ustsubaki.com/ImgMedium/Cam-Clutch-MIUS-Series.jpg
2305015,BUS209,http://chains.ustsubaki.com/ImgMedium/Cam-Clutch-BUS200-Series.jpg
2304947,MIUS800-110,http://chains.ustsubaki.com/ImgMedium/Cam-Clutch-MIUS-Series.jpg
2304915,MIUS600-1H,http://chains.ustsubaki.com/ImgMedium/Cam-Clutch-MIUS-Series.jpg
2304991,BB25GDK,http://chains.ustsubaki.com/ImgMedium/Cam-Clutch-BB-2GD-Series---K.jpg
2305019,BUS213,http://chains.ustsubaki.com/ImgMedium/Cam-Clutch-BUS200-Series.jpg
2305003,BB35KK,http://chains.ustsubaki.com/ImgMedium/Cam-Clutch-BB-Series_.jpg
2305035,MZ45-1L,http://chains.ustsubaki.com/ImgMedium/MZ20.jpg
2304983,BB17KK,http://chains.ustsubaki.com/ImgMedium/Cam-Clutch-BB-Series_.jpg
2305023,MZ17-17,http://chains.ustsubaki.com/ImgMedium/MZ20.jpg
2305071,PBUS12-40-LH,http://chains.ustsubaki.com/ImgMedium/PB.jpg
2304923,MIUS700-1R,http://chains.ustsubaki.com/ImgMedium/Cam-Clutch-MIUS-Series.jpg
2305067,PBUS12-1F-LH,http://chains.ustsubaki.com/ImgMedium/PB.jpg
2305031,MZ30-P,http://chains.ustsubaki.com/ImgMedium/MZ20.jpg
2305083,PBUS3-H-LH,http://chains.ustsubaki.com/ImgMedium/PB.jpg
2305075,PBUS14-1L-LH,http://chains.ustsubaki.com/ImgMedium/PB.jpg
2305103,TFS17,http://chains.ustsubaki.com/ImgMedium/Cam-Clutch-TFS-Series.jpg
2305119,TSS30,http://chains.ustsubaki.com/ImgMedium/Cam-Clutch-TSS-Series.jpg
2305091,PBUS6-20-LH,http://chains.ustsubaki.com/ImgMedium/PB.jpg
2305115,TSS12,http://chains.ustsubaki.com/ImgMedium/Cam-Clutch-TSS-Series.jpg
2304967,MIUS900-4G,http://chains.ustsubaki.com/ImgMedium/Cam-Clutch-MIUS-Series.jpg
2305079,PBUS3-10-LH,http://chains.ustsubaki.com/ImgMedium/PB.jpg
2305095,PBUS8-1-LH,http://chains.ustsubaki.com/ImgMedium/PB.jpg
2305099,PBUS8-P-LH,http://chains.ustsubaki.com/ImgMedium/PB.jpg
394936,T40B36,http://chains.ustsubaki.com/ImgMedium/triple strand.jpg
398095,P-35,http://chains.ustsubaki.com/ImgMedium/a2159.jpg
389972,40TL2,http://chains.ustsubaki.com/ImgMedium/e142.jpg
391642,BL1646,http://chains.ustsubaki.com/ImgMedium/BL-Series-Leaf-chain.jpg
391857,AL422,http://chains.ustsubaki.com/ImgMedium/AL-Series-Leaf-chain.jpg
391646,BL1666,http://chains.ustsubaki.com/ImgMedium/BL-Series-Leaf-chain.jpg
391659,BL646,http://chains.ustsubaki.com/ImgMedium/BL-Series-Leaf-chain.jpg
395143,T80B25,http://chains.ustsubaki.com/ImgMedium/triple strand.jpg
395229,60SDS17,http://chains.ustsubaki.com/ImgMedium/QD Sprocket.jpg
395252,D80BTL20,http://chains.ustsubaki.com/ImgMedium/dbl_B_TL.jpg
396344,T40B30,http://chains.ustsubaki.com/ImgMedium/triple strand.jpg
396381,50JA15,http://chains.ustsubaki.com/ImgMedium/QD Sprocket.jpg
396464,2042A22,http://chains.ustsubaki.com/ImgMedium/a1612.jpg
396573,DS40A18,http://chains.ustsubaki.com/ImgMedium/Double-Single-Spkt.jpg
396480,DS80A19,http://chains.ustsubaki.com/ImgMedium/Double-Single-Spkt.jpg
396565,DS60A20,http://chains.ustsubaki.com/ImgMedium/Double-Single-Spkt.jpg
396288,50SDS35,http://chains.ustsubaki.com/ImgMedium/QD Sprocket.jpg
396385,T50B17,http://chains.ustsubaki.com/ImgMedium/triple strand.jpg
396764,80SF40,http://chains.ustsubaki.com/ImgMedium/QD Sprocket.jpg
396691,DS50ATL24,http://chains.ustsubaki.com/ImgMedium/Double-Single-Spkt.jpg
396768,80SF23,http://chains.ustsubaki.com/ImgMedium/QD Sprocket.jpg
397084,D40BTL18,http://chains.ustsubaki.com/ImgMedium/TL Spkt.jpg
397006,T100B19,http://chains.ustsubaki.com/ImgMedium/triple strand.jpg
396896,120CTL70,http://chains.ustsubaki.com/ImgMedium/a1579.jpg
397067,D50BTL20,http://chains.ustsubaki.com/ImgMedium/TL Spkt.jpg
397063,D40BTL23,http://chains.ustsubaki.com/ImgMedium/TL Spkt.jpg
394893,T60B26,http://chains.ustsubaki.com/ImgMedium/triple strand.jpg
396527,DS100A14,http://chains.ustsubaki.com/ImgMedium/Double-Single-Spkt.jpg
397713,T60B25,http://chains.ustsubaki.com/ImgMedium/triple strand.jpg
1752602,160F21,http://chains.ustsubaki.com/ImgMedium/QD Sprocket.jpg
397797,T40B22,http://chains.ustsubaki.com/ImgMedium/triple strand.jpg
1752588,140F26,http://chains.ustsubaki.com/ImgMedium/QD Sprocket.jpg
398102,P-60,http://chains.ustsubaki.com/ImgMedium/a2160.jpg
2304686,BR70HT-B100A-55,http://chains.ustsubaki.com/ImgMedium/BR20.jpg
2304666,BR40HT-S40B-40,http://chains.ustsubaki.com/ImgMedium/BR20.jpg
2304734,BS50-1J,http://chains.ustsubaki.com/ImgMedium/cc_bs2.png
398086,CV-2,http://chains.ustsubaki.com/ImgMedium/a2154.jpg
2304754,BS65-65,http://chains.ustsubaki.com/ImgMedium/cc_bs2.png
2304738,BS50-45,http://chains.ustsubaki.com/ImgMedium/cc_bs2.png
398098,CV-1,http://chains.ustsubaki.com/ImgMedium/a2153.jpg
2304710,BR98HT-R200C-155,http://chains.ustsubaki.com/ImgMedium/BR20.jpg
2304766,BS75-65,http://chains.ustsubaki.com/ImgMedium/cc_bs2.png
2304730,BS50-1D,http://chains.ustsubaki.com/ImgMedium/cc_bs2.png
2304678,BR58HT-R101B-70,http://chains.ustsubaki.com/ImgMedium/BR20.jpg
2304762,BS75-2L,http://chains.ustsubaki.com/ImgMedium/cc_bs2.png
2304790,BS95-2R,http://chains.ustsubaki.com/ImgMedium/cc_bs2.png
2304782,BS85-85,http://chains.ustsubaki.com/ImgMedium/cc_bs2.png
2304814,BSEU90-85,http://chains.ustsubaki.com/ImgMedium/Cam-Clutch-BSEU-Series.jpg
2304998,BB30KK,http://chains.ustsubaki.com/ImgMedium/Cam-Clutch-BB-Series_.jpg
2305114,TSS10,http://chains.ustsubaki.com/ImgMedium/Cam-Clutch-TSS-Series.jpg
2305122,TSS45,http://chains.ustsubaki.com/ImgMedium/Cam-Clutch-TSS-Series.jpg
2305042,MZ70-65,http://chains.ustsubaki.com/ImgMedium/MZ20.jpg
2305098,PBUS8-25-RH,http://chains.ustsubaki.com/ImgMedium/PB.jpg
2305026,MZ20-L,http://chains.ustsubaki.com/ImgMedium/MZ20.jpg
389948,160TL1,http://chains.ustsubaki.com/ImgMedium/e142.jpg
389968,35TL1,http://chains.ustsubaki.com/ImgMedium/e142.jpg
390729,100FW,http://chains.ustsubaki.com/ImgMedium/a1632.jpg
391602,AL1266,http://chains.ustsubaki.com/ImgMedium/AL-Series-Leaf-chain.jpg
391660,BL534,http://chains.ustsubaki.com/ImgMedium/BL-Series-Leaf-chain.jpg
392495,BL866,http://chains.ustsubaki.com/ImgMedium/BL-Series-Leaf-chain.jpg
394438,C2040VRP-R4LS,http://chains.ustsubaki.com/ImgMedium/a1907.jpg
394426,C2060VRP-R4LS,http://chains.ustsubaki.com/ImgMedium/a1907.jpg
394673,DS100A15,http://chains.ustsubaki.com/ImgMedium/Double-Single-Spkt.jpg
394760,40SK84,http://chains.ustsubaki.com/ImgMedium/QD Sprocket.jpg
395375,DS60A17,http://chains.ustsubaki.com/ImgMedium/Double-Single-Spkt.jpg
395720,140M80,http://chains.ustsubaki.com/ImgMedium/QD Sprocket.jpg
395737,35JA25,http://chains.ustsubaki.com/ImgMedium/QD Sprocket.jpg
396378,T60B17,http://chains.ustsubaki.com/ImgMedium/triple strand.jpg
396370,T50B26,http://chains.ustsubaki.com/ImgMedium/triple strand.jpg
396341,T40B15,http://chains.ustsubaki.com/ImgMedium/triple strand.jpg
396481,DS80A13,http://chains.ustsubaki.com/ImgMedium/Double-Single-Spkt.jpg
396566,80SF25,http://chains.ustsubaki.com/ImgMedium/QD Sprocket.jpg
396533,DS100A20,http://chains.ustsubaki.com/ImgMedium/Double-Single-Spkt.jpg
396541,T60B36,http://chains.ustsubaki.com/ImgMedium/triple strand.jpg
396549,T80B18,http://chains.ustsubaki.com/ImgMedium/triple strand.jpg
396631,120SF15,http://chains.ustsubaki.com/ImgMedium/QD Sprocket.jpg
396357,T100B17,http://chains.ustsubaki.com/ImgMedium/triple strand.jpg
396781,35JA28,http://chains.ustsubaki.com/ImgMedium/QD Sprocket.jpg
396586,DS40A24,http://chains.ustsubaki.com/ImgMedium/Double-Single-Spkt.jpg
396623,120F36,http://chains.ustsubaki.com/ImgMedium/QD Sprocket.jpg
396769,80SF22,http://chains.ustsubaki.com/ImgMedium/QD Sprocket.jpg
396990,D60CTL42,http://chains.ustsubaki.com/ImgMedium/TL Spkt.jpg
396818,50SDS45,http://chains.ustsubaki.com/ImgMedium/QD Sprocket.jpg
396982,D60BTL15,http://chains.ustsubaki.com/ImgMedium/TL Spkt.jpg
397060,D40CTL48,http://chains.ustsubaki.com/ImgMedium/TL Spkt.jpg
397182,50SDS36,http://chains.ustsubaki.com/ImgMedium/QD Sprocket.jpg
397379,DS60ATL17,http://chains.ustsubaki.com/ImgMedium/Double-Single-Spkt.jpg
397645,DS60A21,http://chains.ustsubaki.com/ImgMedium/Double-Single-Spkt.jpg
397699,DS100ATL21,http://chains.ustsubaki.com/ImgMedium/Double-Single-Spkt.jpg
2304671,BR50HT-B86B-40,http://chains.ustsubaki.com/ImgMedium/BR20.jpg
2304707,BR95HT-R170C-90,http://chains.ustsubaki.com/ImgMedium/BR20.jpg
2304751,BS65-50,http://chains.ustsubaki.com/ImgMedium/cc_bs2.png
2304767,BS75-70,http://chains.ustsubaki.com/ImgMedium/cc_bs2.png
2304919,MIUS600-2,http://chains.ustsubaki.com/ImgMedium/Cam-Clutch-MIUS-Series.jpg
2304775,BS85-2R,http://chains.ustsubaki.com/ImgMedium/cc_bs2.png
2305027,MZ30-1,http://chains.ustsubaki.com/ImgMedium/MZ20.jpg
2304799,BSEU25-20,http://chains.ustsubaki.com/ImgMedium/Cam-Clutch-BSEU-Series.jpg
2304899,MIUS300-L,http://chains.ustsubaki.com/ImgMedium/Cam-Clutch-MIUS-Series.jpg
2305043,MZ70-70,http://chains.ustsubaki.com/ImgMedium/MZ20.jpg
2305063,PBUS10-1D-LH,http://chains.ustsubaki.com/ImgMedium/PB.jpg
2304695,BR80HT-B120B-80,http://chains.ustsubaki.com/ImgMedium/BR20.jpg
2305087,PBUS5-H-LH,http://chains.ustsubaki.com/ImgMedium/PB.jpg
2305123,TSS50,http://chains.ustsubaki.com/ImgMedium/Cam-Clutch-TSS-Series.jpg
2305011,BUS205,http://chains.ustsubaki.com/ImgMedium/Cam-Clutch-BUS200-Series.jpg
2305107,TFS35,http://chains.ustsubaki.com/ImgMedium/Cam-Clutch-TFS-Series.jpg
2305111,TFS60,http://chains.ustsubaki.com/ImgMedium/Cam-Clutch-TFS-Series.jpg
389958,100TL2,http://chains.ustsubaki.com/ImgMedium/e142.jpg
389975,40TL1,http://chains.ustsubaki.com/ImgMedium/e142.jpg
389962,50SFW,http://chains.ustsubaki.com/ImgMedium/a1633.jpg
389914,80TL2,http://chains.ustsubaki.com/ImgMedium/e142.jpg
391666,BL623,http://chains.ustsubaki.com/ImgMedium/BL-Series-Leaf-chain.jpg
391873,AL544,http://chains.ustsubaki.com/ImgMedium/AL-Series-Leaf-chain.jpg
392597,BL634,http://chains.ustsubaki.com/ImgMedium/BL-Series-Leaf-chain.jpg
393795,AL866,http://chains.ustsubaki.com/ImgMedium/AL-Series-Leaf-chain.jpg
394696,T60B20,http://chains.ustsubaki.com/ImgMedium/triple strand.jpg
394436,C2040VRP-GB,http://chains.ustsubaki.com/ImgMedium/a1919.jpg
395096,2060B24,http://chains.ustsubaki.com/ImgMedium/a1619.jpg
395175,D80BTL25,http://chains.ustsubaki.com/ImgMedium/dbl_B_TL.jpg
395860,DS80ATL17,http://chains.ustsubaki.com/ImgMedium/Double-Single-Spkt.jpg
395921,DS50ATL17,http://chains.ustsubaki.com/ImgMedium/Double-Single-Spkt.jpg
396339,T40B12,http://chains.ustsubaki.com/ImgMedium/triple strand.jpg
396467,2042A16,http://chains.ustsubaki.com/ImgMedium/a1612.jpg
396564,DS60A19,http://chains.ustsubaki.com/ImgMedium/Double-Single-Spkt.jpg
396355,T100B16,http://chains.ustsubaki.com/ImgMedium/triple strand.jpg
396588,1.00E+42,http://chains.ustsubaki.com/ImgMedium/QD Sprocket.jpg
396682,DS100ATL17,http://chains.ustsubaki.com/ImgMedium/Double-Single-Spkt.jpg
396690,DS50ATL21,http://chains.ustsubaki.com/ImgMedium/Double-Single-Spkt.jpg
396779,40JA19,http://chains.ustsubaki.com/ImgMedium/QD Sprocket.jpg
396791,40SDS45,http://chains.ustsubaki.com/ImgMedium/QD Sprocket.jpg
396812,T100B30,http://chains.ustsubaki.com/ImgMedium/triple strand.jpg
396714,80SK18,http://chains.ustsubaki.com/ImgMedium/QD Sprocket.jpg
396755,60SF80,http://chains.ustsubaki.com/ImgMedium/QD Sprocket.jpg
397038,D40BTL36,http://chains.ustsubaki.com/ImgMedium/TL Spkt.jpg
389921,80SFW,http://chains.ustsubaki.com/ImgMedium/a1633.jpg
396980,D60ATL19,http://chains.ustsubaki.com/ImgMedium/TL Spkt.jpg
390266,50SDSW,http://chains.ustsubaki.com/ImgMedium/a1633.jpg
390526,W30,http://chains.ustsubaki.com/ImgMedium/a1630.jpg
391701,BL1234,http://chains.ustsubaki.com/ImgMedium/BL-Series-Leaf-chain.jpg
391689,BL1423,http://chains.ustsubaki.com/ImgMedium/BL-Series-Leaf-chain.jpg
391636,BL434,http://chains.ustsubaki.com/ImgMedium/BL-Series-Leaf-chain.jpg
391061,TS1143-PA,http://chains.ustsubaki.com/ImgMedium/a1952.jpg
393898,BL1034,http://chains.ustsubaki.com/ImgMedium/BL-Series-Leaf-chain.jpg
394411,TSB2CT300,http://chains.ustsubaki.com/ImgMedium/shock_relay2.jpg
394580,D60CTL36,http://chains.ustsubaki.com/ImgMedium/TL Spkt.jpg
395087,2082B14,http://chains.ustsubaki.com/ImgMedium/a1622.jpg
395188,80SF35,http://chains.ustsubaki.com/ImgMedium/QD Sprocket.jpg
395389,DS80A16,http://chains.ustsubaki.com/ImgMedium/Double-Single-Spkt.jpg
395995,D50BTL30,http://chains.ustsubaki.com/ImgMedium/TL Spkt.jpg
396393,T50B25,http://chains.ustsubaki.com/ImgMedium/triple strand.jpg
396429,D60BTL20,http://chains.ustsubaki.com/ImgMedium/TL Spkt.jpg
396567,T60B16,http://chains.ustsubaki.com/ImgMedium/triple strand.jpg
396534,DS100A21,http://chains.ustsubaki.com/ImgMedium/Double-Single-Spkt.jpg
396603,DS80ATL19,http://chains.ustsubaki.com/ImgMedium/Double-Single-Spkt.jpg
396550,T80B19,http://chains.ustsubaki.com/ImgMedium/triple strand.jpg
396482,DS80A14,http://chains.ustsubaki.com/ImgMedium/Double-Single-Spkt.jpg
396490,DS80A22,http://chains.ustsubaki.com/ImgMedium/Double-Single-Spkt.jpg
396616,1.00E+22,http://chains.ustsubaki.com/ImgMedium/QD Sprocket.jpg
396815,50SDS40,http://chains.ustsubaki.com/ImgMedium/QD Sprocket.jpg
396693,DS40ATL19,http://chains.ustsubaki.com/ImgMedium/Double-Single-Spkt.jpg
396790,40SDS42,http://chains.ustsubaki.com/ImgMedium/QD Sprocket.jpg
396991,D60CTL45,http://chains.ustsubaki.com/ImgMedium/TL Spkt.jpg
397069,D50BTL21,http://chains.ustsubaki.com/ImgMedium/TL Spkt.jpg
397082,D40ATL15,http://chains.ustsubaki.com/ImgMedium/TL Spkt.jpg
2304802,BSEU40-25,http://chains.ustsubaki.com/ImgMedium/Cam-Clutch-BSEU-Series.jpg
398094,CV-3,http://chains.ustsubaki.com/ImgMedium/a2155.jpg
2304986,BB20GDK,http://chains.ustsubaki.com/ImgMedium/Cam-Clutch-BB-2GD-Series---K.jpg
397192,60SF42,http://chains.ustsubaki.com/ImgMedium/QD Sprocket.jpg
2305062,PBUS10-1B-RH,http://chains.ustsubaki.com/ImgMedium/PB.jpg
2304657,BR35HT-B56B-40,http://chains.ustsubaki.com/ImgMedium/BR20.jpg
2304693,BR80HT-B120B-70,http://chains.ustsubaki.com/ImgMedium/BR20.jpg
2304689,BR70HT-B100A-75,http://chains.ustsubaki.com/ImgMedium/BR20.jpg
2304809,BSEU70-60,http://chains.ustsubaki.com/ImgMedium/Cam-Clutch-BSEU-Series.jpg
2304701,BR90HT-B140B-90,http://chains.ustsubaki.com/ImgMedium/BR20.jpg
2304909,MIUS500-1D,http://chains.ustsubaki.com/ImgMedium/Cam-Clutch-MIUS-Series.jpg
2304917,MIUS600-1L,http://chains.ustsubaki.com/ImgMedium/Cam-Clutch-MIUS-Series.jpg
2305009,BUS203,http://chains.ustsubaki.com/ImgMedium/Cam-Clutch-BUS200-Series.jpg
2305029,MZ30-25,http://chains.ustsubaki.com/ImgMedium/MZ20.jpg
2304993,BB25KK,http://chains.ustsubaki.com/ImgMedium/Cam-Clutch-BB-Series_.jpg
2305025,MZ20-20,http://chains.ustsubaki.com/ImgMedium/MZ20.jpg
2304805,BSEU40-40,http://chains.ustsubaki.com/ImgMedium/Cam-Clutch-BSEU-Series.jpg
2304669,BR48HT-R76B-55,http://chains.ustsubaki.com/ImgMedium/BR20.jpg
2305041,MZ60-60,http://chains.ustsubaki.com/ImgMedium/MZ20.jpg
2304769,BS85-2F,http://chains.ustsubaki.com/ImgMedium/cc_bs2.png
2305109,TFS45,http://chains.ustsubaki.com/ImgMedium/Cam-Clutch-TFS-Series.jpg
2305121,TSS40,http://chains.ustsubaki.com/ImgMedium/Cam-Clutch-TSS-Series.jpg
2305037,MZ45-45,http://chains.ustsubaki.com/ImgMedium/MZ20.jpg
2305033,MZ35-35,http://chains.ustsubaki.com/ImgMedium/MZ20.jpg
2305113,TFS80,http://chains.ustsubaki.com/ImgMedium/Cam-Clutch-TFS-Series.jpg
2305117,TSS20,http://chains.ustsubaki.com/ImgMedium/Cam-Clutch-TSS-Series.jpg
2304664,BR40HT-R66B-45,http://chains.ustsubaki.com/ImgMedium/BR20.jpg
2304648,BR20HT-S20B-20,http://chains.ustsubaki.com/ImgMedium/BR20.jpg
2304688,BR70HT-B100A-70,http://chains.ustsubaki.com/ImgMedium/BR20.jpg
2304696,BR80HT-B120B-95,http://chains.ustsubaki.com/ImgMedium/BR20.jpg
2304768,BS75-75,http://chains.ustsubaki.com/ImgMedium/cc_bs2.png
2304812,BSEU90-75,http://chains.ustsubaki.com/ImgMedium/Cam-Clutch-BSEU-Series.jpg
2304728,BS30-P,http://chains.ustsubaki.com/ImgMedium/cc_bs2.png
2304684,BR70HT-B100A-45,http://chains.ustsubaki.com/ImgMedium/BR20.jpg
2304680,BR60HT-B85A-45,http://chains.ustsubaki.com/ImgMedium/BR20.jpg
2304804,BSEU40-35,http://chains.ustsubaki.com/ImgMedium/Cam-Clutch-BSEU-Series.jpg
2304800,BSEU25-25,http://chains.ustsubaki.com/ImgMedium/Cam-Clutch-BSEU-Series.jpg
2304788,BS95-2L,http://chains.ustsubaki.com/ImgMedium/cc_bs2.png
2305104,TFS20,http://chains.ustsubaki.com/ImgMedium/Cam-Clutch-TFS-Series.jpg
2305008,BB40KK,http://chains.ustsubaki.com/ImgMedium/Cam-Clutch-BB-Series_.jpg
2305036,MZ45-40,http://chains.ustsubaki.com/ImgMedium/MZ20.jpg
2305120,TSS35,http://chains.ustsubaki.com/ImgMedium/Cam-Clutch-TSS-Series.jpg
2304780,BS85-75,http://chains.ustsubaki.com/ImgMedium/cc_bs2.png
2304988,BB20KK,http://chains.ustsubaki.com/ImgMedium/Cam-Clutch-BB-Series_.jpg
2305188,MZEU25E1,http://chains.ustsubaki.com/ImgMedium/Cam-Clutch-MZEU-Series-E1-Flange-with-E2-Flange.jpg
2305112,TFS70,http://chains.ustsubaki.com/ImgMedium/Cam-Clutch-TFS-Series.jpg
2305124,TSS60,http://chains.ustsubaki.com/ImgMedium/Cam-Clutch-TSS-Series.jpg
396382,DS60A13,http://chains.ustsubaki.com/ImgMedium/Double-Single-Spkt.jpg
396582,DS50A18,http://chains.ustsubaki.com/ImgMedium/Double-Single-Spkt.jpg
396986,D50CTL42,http://chains.ustsubaki.com/ImgMedium/TL Spkt.jpg
1752581,1.40E+21,http://chains.ustsubaki.com/ImgMedium/QD Sprocket.jpg
389971,35SHW,http://chains.ustsubaki.com/ImgMedium/a1633.jpg
2854354,TSBSB05,http://chains.ustsubaki.com/ImgMedium/TSBSB.jpg
395088,100E48,http://chains.ustsubaki.com/ImgMedium/QD Sprocket.jpg
397802,C2060VRP-10,http://chains.ustsubaki.com/ImgMedium/a1900.jpg
395658,80SF45,http://chains.ustsubaki.com/ImgMedium/QD Sprocket.jpg
