ids,catalog_number,img_url
2887059,3010-95,/images/products/item542_image_1904023234.jpg
2887216,3704-4S-95,/images/products/item967_image_1608113947.jpg
2887192,366-95,/images/products/item985_image_1309525031.jpg
2887300,406-95,/images/products/item2710_image_1064482652.jpg
2887396,532-43,/images/products/item29_image_1055269564.jpg
2887400,534AV-43-SHELF,/images/products/item354_image_2098868350.jpg
2887604,FDC-SH-7218-95,/images/products/item2129_image_792845331.jpg
2887480,DC-482472-BDLP-95,/images/products/item2035_image_1556789000.jpg
2887608,FS-SH-2930,/images/products/item2146_image_1539282288.jpg
2887740,HDCP243678-4S95,/images/products/item1554_image_1878317345.jpg
2887672,HDC36-126PB240-95,/images/products/item1732_image_16913080.jpg
2887796,HDJC244878-156-4S5295,/images/products/item1843_image_1262908202.jpg
2887836,HMT-2436-3-95,/images/products/item1964_image_1683098124.jpg
2887844,HMT-3672-3-95,/images/products/item1968_image_14678595.jpg
2887840,HMT-3048-3-95,/images/products/item1966_image_2038948361.jpg
2888044,PSD-2436-3-2D-95,/images/products/item2462_image_53541522.jpg
2888120,RSC-3048-2-3K-TLD-95,/images/products/item1973_image_275059051.jpg
2887191,365-95,/images/products/item986_image_1969492667.jpg
2887227,382-95,/images/products/item988_image_1766047259.jpg
2887299,406-75,/images/products/item2709_image_2055686169.jpg
2887399,534AV-43,/images/products/item51_image_314952085.jpg
2887407,564-H721,/images/products/item351_image_83803719.jpg
2887435,802-95,/images/products/item154_image_2023984209.jpg
2887607,FS-SH-1439,/images/products/item2142_image_2117463849.jpg
2887667,HDC36-108-3S5295,/images/products/item1815_image_1444356666.jpg
2887699,HDC60-72DC18TB5B95,/images/products/item1988_image_2086241372.jpg
2887731,HDCM48-18-2S5295,/images/products/item1887_image_329934919.gif
2887751,HDC-SH-2430-95,/images/products/item2087_image_776368344.jpg
2887759,HDCV246078-4S95,/images/products/item1207_image_982207124.jpg
2887795,HDJC244878-156-4S1795,/images/products/item1842_image_1589667088.jpg
2887831,HET-3672-2-95,/images/products/item1662_image_901850560.jpg
2887883,JCBDLP694RDR-5295,/images/products/item1945_image_1765476961.jpg
2887847,HTL-3060-DD-2AS-95,/images/products/item2776_image_906049913.jpg
2888135,RSC3-1836-2-95,/images/products/item1679_image_866889816.jpg
2888207,SSC-602484-5S-95,/images/products/item1975_image_1038369316.jpg
2888347,520-43,/images/products/item54_image_1719968506.jpg
2887076,3100-BLP-18-95,/images/products/item1030_image_916151735.jpg
2887044,2603-4S-95,/images/products/item1080_image_56210296.jpg
2887201,3702-16-3S-1795,/images/products/item1780_image_674356060.jpg
2887297,406-08,/images/products/item2707_image_1541982067.jpg
2887329,459-75,/images/products/item383_image_1843297121.jpg
2887425,610-95,/images/products/item150_image.jpg
2887609,FS-SH-2939,/images/products/item2147_image_235247971.jpg
2887733,HDCM48-42-1795,/images/products/item1874_image_2144231815.gif
2887741,HDCP244878-4S95,/images/products/item1555_image_1854145980.jpg
2887757,HDCV243678-4S95,/images/products/item1205_image_87455247.jpg
2887753,HDC-SH-2442-95,/images/products/item2091_image_1561915621.jpg
2887913,LPRSS-17.25X68-95,/images/products/item2166_image_183184191.jpg
2888117,RSC-3036-2-2DR-95,/images/products/item1139_image_494309553.jpg
2888125,RSC-3060-2-3K-TLD-95,/images/products/item1974_image_1337630812.jpg
2887073,309B-95,/images/products/item104_image_1038243463.jpg
2887202,3702-16-3S-5295,/images/products/item1781_image_1065600886.jpg
2887406,563-H720,/images/products/item194_image_1862305315.jpg
2887350,5003-30-95,/images/products/item1998_image_277049627.jpg
2887438,907-08-S129,/images/products/item273_image.jpg
2887630,H302,/images/products/item1981_image_1993457116.jpg
2887742,HDCP246078-4S95,/images/products/item1556_image_814166796.jpg
2887734,HDCM48-42-5295,/images/products/item1875_image_634338341.gif
2887730,HDCM48-18-2S1795,/images/products/item1886_image_772516708.gif
2887666,HDC36-108-3S1795,/images/products/item1814_image_1122716316.jpg
2887834,HMT-1836-3-95,/images/products/item1963_image_1872615175.jpg
2887882,JCBDLP694RDR-1795,/images/products/item1944_image_1456206547.jpg
2887838,HMT-2448-3-95,/images/products/item1965_image_1409281622.jpg
2887886,JCBDLP724RDR-5295,/images/products/item1948_image_1349235177.jpg
2887842,HMT-3060-3-95,/images/products/item1967_image_1053622376.jpg
2887758,HDCV244878-4S95,/images/products/item1206_image_1157793481.jpg
2887922,LPW-46X20-95,/images/products/item2163_image_1618842853.jpg
2888114,RSC-2448-4-LD-95,/images/products/item2739_image_541439088.jpg
2888118,RSC-3036-2-PB-2DR-95,/images/products/item2591_image_1787524695.jpg
2888190,SJC-BDLP-95,/images/products/item2037_image_1468378638.jpg
2888278,SP-515-95,/images/products/item758_image_582662004.jpg
2887602,FDC-SH-6018-95,/images/products/item2128_image_675624421.jpg
2887606,FS-SH-1419,/images/products/item2144_image_1640018983.jpg
2888206,SSC-602484-4S-95,/images/products/item2040_image_1523840338.jpg
