id,catalog_number,description,main_image,additional_description,attributes
2926536,8 N,8 N Quadra-Flex SLEEVES,product_images/29/26536/default_2926536.jpg,,
5012144,MSP4-SD,"Martin SprocketMSP4-SD 2"" MARTIN SUPER PACK SEAL SHAFT SEAL-STK",product_images/50/12144/default_5012144.jpg,,
2925926,G 11/16,G 11/16 MST Bushing,product_images/29/25926/default_2925926.jpg,,
2925930,G 3/8,G 3/8 MST Bushing,product_images/29/25930/default_2925930.jpg,,
2925934,G 9/16,G 9/16 MST Bushing,product_images/29/25934/default_2925934.jpg,,
2926472,40A32SS,40A32SS A-Plate Roller Chain Sprocket,product_images/29/26472/default_2926472.jpg,,
2926556,80R38,80R38 Roller Chain Sprocket MST Bushed for (R1),product_images/29/26556/default_2926556.jpg,,
2926560,9H 1 1/4,9H 1 1/4 Quadra-Flex Spacer hub,product_images/29/26560/default_2926560.jpg,,
2926564,9HS 1 1/4,9HS 1 1/4 Quadra-Flex Spacer hub,product_images/29/26564/default_2926564.jpg,,
255812,DS140A18,DS140A18 A-Plate Double Single Roller Chain Sprocket,product_images/25/5812/sprocket_ds120_sld_017.jpg,"<div>\r\n                    Double single sprockets are precision machined steel spockets and run with two single chains.  They are stocked in minimum plain bore, taper bushed and Martin Split Taper style. The minimum plain bores can be quickly modified for your specific application.                                 \r\n                </div><h5>Specifications</h5><div><table class=""description-table"">\r\n                        \r\n                        \r\n                        <tr>\r\n                            \r\n                            <th>\r\n                                Material\r\n                            </th>\r\n                            <td>\r\n                                Steel\r\n\r\n                            </td>\r\n                            \r\n                            <th>\r\n                                Hardened Teeth\r\n                            </th>\r\n                            <td>\r\n                                No\r\n\r\n                            </td>\r\n                            \r\n                        </tr>\r\n                        \r\n                        <tr>\r\n                            \r\n                            <th>\r\n                                Chain Number\r\n                            </th>\r\n                            <td>\r\n                                140\r\n\r\n                            </td>\r\n                            \r\n                            <th>\r\n                                Hub Configuration\r\n                            </th>\r\n                            <td>\r\n                                A\r\n\r\n                            </td>\r\n                            \r\n                        </tr>\r\n                        \r\n                        <tr>\r\n                            \r\n                            <th>\r\n                                Chain Pitch\r\n                            </th>\r\n                            <td>\r\n                                1.750 in.\r\n\r\n                            </td>\r\n                            \r\n                            <th>\r\n                                Length thru Bore\r\n\r\n                            </th>\r\n                            <td>\r\n                                3.354 in.\r\n\r\n                            </td>\r\n                            \r\n                        </tr>\r\n                        \r\n                        <tr>\r\n                            \r\n                            <th>\r\n                                Number of Chain Rows\r\n                            </th>\r\n                            <td>\r\n                                Double Single\r\n\r\n                            </td>\r\n                            \r\n                            <th>\r\n                                Construction Detail\r\n                            </th>\r\n                            <td>\r\n                                Solid\r\n\r\n                            </td>\r\n                            \r\n                        </tr>\r\n                        \r\n                        <tr>\r\n                            \r\n                            <th>\r\n                                Number of Teeth\r\n                            </th>\r\n                            <td>\r\n                                18\r\n\r\n                            </td>\r\n                            \r\n                            <th>\r\n                                Bore Type\r\n                            </th>\r\n                            <td>\r\n                                Stock Bore\r\n\r\n                            </td>\r\n                            \r\n                        </tr>\r\n                        \r\n                        <tr>\r\n                            \r\n                            <th>\r\n                                Outside Diameter\r\n\r\n                            </th>\r\n                            <td>\r\n                                10.975 in.\r\n\r\n                            </td>\r\n                            \r\n                            <th>\r\n                                Min Bore Size\r\n                            </th>\r\n                            <td>\r\n                                1.438 in.\r\n\r\n                            </td>\r\n                            \r\n                        </tr>\r\n                        \r\n                        <tr>\r\n                            \r\n                            <th>\r\n                                Pitch Diameter\r\n                            </th>\r\n                            <td>\r\n                                10.078 in.\r\n\r\n                            </td>\r\n                            \r\n                            <th>\r\n                                Max Bore Size\r\n                            </th>\r\n                            <td>\r\n                                6.125 in.\r\n\r\n                            </td>\r\n                            \r\n                        </tr>\r\n                        \r\n                        <tr>\r\n                            \r\n                            <th>\r\n                                Single Strand Tooth Thickness\r\n                            </th>\r\n                            <td>\r\n                                0.924 in.\r\n\r\n                            </td>\r\n                            \r\n                    </tr></table><table class=""description-table"">\r\n                        \r\n                        \r\n                        <tr>\r\n                            \r\n                            <th>\r\n                                Storage Dimension Length\r\n                            </th>\r\n                            <td>\r\n                                10.975 in.\r\n\r\n                            </td>\r\n                            \r\n                            <th>\r\n                                Weight\r\n                            </th>\r\n                            <td>\r\n                                63.75 lbs.\r\n\r\n                            </td>\r\n                            \r\n                        </tr>\r\n                        \r\n                        <tr>\r\n                            \r\n                            <th>\r\n                                Storage Dimension Width\r\n                            </th>\r\n                            <td>\r\n                                10.975 in.\r\n\r\n                            </td>\r\n                            \r\n                            <th>\r\n                                Individually Packaged\r\n                            </th>\r\n                            <td>\r\n                                No\r\n\r\n                            </td>\r\n                            \r\n                        </tr>\r\n                        \r\n                        <tr>\r\n                            \r\n                            <th>\r\n                                Storage Dimension Height\r\n                            </th>\r\n                            <td>\r\n                                3.354 in.\r\n\r\n                            </td>\r\n                            \r\n                    </tr></table></div>",
255836,DS40P23H,DS40P23H Double Single Roller Chain Sprocket bushed for MST (P1),product_images/25/5836/sprocket_60_ds_1720.jpg,"<div>\r\n                     Double single sprockets are precision machined steel spockets and run with two single chains.  They are stocked in minimum plain bore, taper bushed and Martin Split Taper style. The minimum plain bores can be quickly modified for your specific application.                                 \r\n                </div><h5>Specifications</h5><div><table class=""description-table"">\r\n                        \r\n                        \r\n                        <tr>\r\n                            \r\n                            <th>\r\n                                Material\r\n                            </th>\r\n                            <td>\r\n                                Steel\r\n\r\n                            </td>\r\n                            \r\n                            <th>\r\n                                Hub Configuration\r\n                            </th>\r\n                            <td>\r\n                                B\r\n\r\n                            </td>\r\n                            \r\n                        </tr>\r\n                        \r\n                        <tr>\r\n                            \r\n                            <th>\r\n                                Chain Number\r\n                            </th>\r\n                            <td>\r\n                                40\r\n\r\n                            </td>\r\n                            \r\n                            <th>\r\n                                Hub Recessed For Chain Clearance\r\n                            </th>\r\n                            <td>\r\n                                No\r\n\r\n                            </td>\r\n                            \r\n                        </tr>\r\n                        \r\n                        <tr>\r\n                            \r\n                            <th>\r\n                                Chain Pitch\r\n                            </th>\r\n                            <td>\r\n                                0.500 in.\r\n\r\n                            </td>\r\n                            \r\n                            <th>\r\n                                Construction Detail\r\n                            </th>\r\n                            <td>\r\n                                Solid\r\n\r\n                            </td>\r\n                            \r\n                        </tr>\r\n                        \r\n                        <tr>\r\n                            \r\n                            <th>\r\n                                Number of Chain Rows\r\n                            </th>\r\n                            <td>\r\n                                Double Single\r\n\r\n                            </td>\r\n                            \r\n                            <th>\r\n                                Bore Type\r\n                            </th>\r\n                            <td>\r\n                                Bushed MST\r\n\r\n                            </td>\r\n                            \r\n                        </tr>\r\n                        \r\n                        <tr>\r\n                            \r\n                            <th>\r\n                                Number of Teeth\r\n                            </th>\r\n                            <td>\r\n                                23\r\n\r\n                            </td>\r\n                            \r\n                            <th>\r\n                                Key Way Size\r\n                            </th>\r\n                            <td>\r\n                                .375X2.064 in.\r\n\r\n                            </td>\r\n                            \r\n                        </tr>\r\n                        \r\n                        <tr>\r\n                            \r\n                            <th>\r\n                                Outside Diameter\r\n\r\n                            </th>\r\n                            <td>\r\n                                3.940 in.\r\n\r\n                            </td>\r\n                            \r\n                            <th>\r\n                                Bushing Part Number\r\n                            </th>\r\n                            <td>\r\n                                P1\r\n\r\n                            </td>\r\n                            \r\n                        </tr>\r\n                        \r\n                        <tr>\r\n                            \r\n                            <th>\r\n                                Pitch Diameter\r\n                            </th>\r\n                            <td>\r\n                                3.672 in.\r\n\r\n                            </td>\r\n                            \r\n                            <th>\r\n                                Bushing Min Bore Size\r\n                            </th>\r\n                            <td>\r\n                                0.500 in.\r\n\r\n                            </td>\r\n                            \r\n                        </tr>\r\n                        \r\n                        <tr>\r\n                            \r\n                            <th>\r\n                                Single Strand Tooth Thickness\r\n                            </th>\r\n                            <td>\r\n                                0.284 in.\r\n\r\n                            </td>\r\n                            \r\n                            <th>\r\n                                Bushing Max Bore Size\r\n                            </th>\r\n                            <td>\r\n                                1.750 in.\r\n\r\n                            </td>\r\n                            \r\n                        </tr>\r\n                        \r\n                        <tr>\r\n                            \r\n                            <th>\r\n                                Hardened Teeth\r\n                            </th>\r\n                            <td>\r\n                                Yes\r\n\r\n                            </td>\r\n                            \r\n                    </tr></table><table class=""description-table"">\r\n                        \r\n                        \r\n                        <tr>\r\n                            \r\n                            <th>\r\n                                Storage Dimension Length\r\n                            </th>\r\n                            <td>\r\n                                4.438 in.\r\n\r\n                            </td>\r\n                            \r\n                            <th>\r\n                                Weight\r\n                            </th>\r\n                            <td>\r\n                                2.22 lbs.\r\n\r\n                            </td>\r\n                            \r\n                        </tr>\r\n                        \r\n                        <tr>\r\n                            \r\n                            <th>\r\n                                Storage Dimension Width\r\n                            </th>\r\n                            <td>\r\n                                4.438 in.\r\n\r\n                            </td>\r\n                            \r\n                            <th>\r\n                                Individually Packaged\r\n                            </th>\r\n                            <td>\r\n                                Yes\r\n\r\n                            </td>\r\n                            \r\n                        </tr>\r\n                        \r\n                        <tr>\r\n                            \r\n                            <th>\r\n                                Storage Dimension Height\r\n                            </th>\r\n                            <td>\r\n                                1.563 in.\r\n\r\n                            </td>\r\n                            \r\n                    </tr></table></div>",
255892,DS80ATB22H,DS80ATB22H (3020) Double Single Roller Chain Sprocket Taper Bushed,product_images/25/5892/sprocket_40_sld_01700.jpg,"<div>\r\n                    Double single sprockets are precision machined steel spockets and run with two single chains.  They are stocked in minimum plain bore, taper bushed and Martin Split Taper style. The minimum plain bores can be quickly modified for your specific application.                                 \r\n                </div><h5>Specifications</h5><div><table class=""description-table"">\r\n                        \r\n                        \r\n                        <tr>\r\n                            \r\n                            <th>\r\n                                Material\r\n                            </th>\r\n                            <td>\r\n                                Steel\r\n\r\n                            </td>\r\n                            \r\n                            <th>\r\n                                Hardened Teeth\r\n                            </th>\r\n                            <td>\r\n                                Yes\r\n\r\n                            </td>\r\n                            \r\n                        </tr>\r\n                        \r\n                        <tr>\r\n                            \r\n                            <th>\r\n                                Chain Number\r\n                            </th>\r\n                            <td>\r\n                                80\r\n\r\n                            </td>\r\n                            \r\n                            <th>\r\n                                Hub Configuration\r\n                            </th>\r\n                            <td>\r\n                                A\r\n\r\n                            </td>\r\n                            \r\n                        </tr>\r\n                        \r\n                        <tr>\r\n                            \r\n                            <th>\r\n                                Chain Pitch\r\n                            </th>\r\n                            <td>\r\n                                1.000 in.\r\n\r\n                            </td>\r\n                            \r\n                            <th>\r\n                                Construction Detail\r\n                            </th>\r\n                            <td>\r\n                                Solid\r\n\r\n                            </td>\r\n                            \r\n                        </tr>\r\n                        \r\n                        <tr>\r\n                            \r\n                            <th>\r\n                                Number of Chain Rows\r\n                            </th>\r\n                            <td>\r\n                                Double Single\r\n\r\n                            </td>\r\n                            \r\n                            <th>\r\n                                Bore Type\r\n                            </th>\r\n                            <td>\r\n                                Bushed TB\r\n\r\n                            </td>\r\n                            \r\n                        </tr>\r\n                        \r\n                        <tr>\r\n                            \r\n                            <th>\r\n                                Number of Teeth\r\n                            </th>\r\n                            <td>\r\n                                22\r\n\r\n                            </td>\r\n                            \r\n                            <th>\r\n                                Bushing Part Number\r\n                            </th>\r\n                            <td>\r\n                                3020\r\n\r\n                            </td>\r\n                            \r\n                        </tr>\r\n                        \r\n                        <tr>\r\n                            \r\n                            <th>\r\n                                Outside Diameter\r\n\r\n                            </th>\r\n                            <td>\r\n                                7.555 in.\r\n\r\n                            </td>\r\n                            \r\n                            <th>\r\n                                Bushing Min Bore Size\r\n                            </th>\r\n                            <td>\r\n                                0.938 in.\r\n\r\n                            </td>\r\n                            \r\n                        </tr>\r\n                        \r\n                        <tr>\r\n                            \r\n                            <th>\r\n                                Pitch Diameter\r\n                            </th>\r\n                            <td>\r\n                                7.027 in.\r\n\r\n                            </td>\r\n                            \r\n                            <th>\r\n                                Bushing Max Bore Size\r\n                            </th>\r\n                            <td>\r\n                                3.000 in.\r\n\r\n                            </td>\r\n                            \r\n                        </tr>\r\n                        \r\n                        <tr>\r\n                            \r\n                            <th>\r\n                                Single Strand Tooth Thickness\r\n                            </th>\r\n                            <td>\r\n                                0.575 in.\r\n\r\n                            </td>\r\n                            \r\n                    </tr></table><table class=""description-table"">\r\n                        \r\n                        \r\n                        <tr>\r\n                            \r\n                            <th>\r\n                                Storage Dimension Length\r\n                            </th>\r\n                            <td>\r\n                                7.555 in.\r\n\r\n                            </td>\r\n                            \r\n                            <th>\r\n                                Weight\r\n                            </th>\r\n                            <td>\r\n                                11.62 lbs.\r\n\r\n                            </td>\r\n                            \r\n                        </tr>\r\n                        \r\n                        <tr>\r\n                            \r\n                            <th>\r\n                                Storage Dimension Width\r\n                            </th>\r\n                            <td>\r\n                                7.555 in.\r\n\r\n                            </td>\r\n                            \r\n                            <th>\r\n                                Individually Packaged\r\n                            </th>\r\n                            <td>\r\n                                No\r\n\r\n                            </td>\r\n                            \r\n                        </tr>\r\n                        \r\n                        <tr>\r\n                            \r\n                            <th>\r\n                                Storage Dimension Height\r\n                            </th>\r\n                            <td>\r\n                                2.188 in.\r\n\r\n                            </td>\r\n                            \r\n                    </tr></table></div>",
255900,DS80A19,DS80A19 A-Plate Double Single Roller Chain Sprocket,product_images/25/5900/sprocket_ds40_sld_017.jpg,"<div>\r\n                    Double single sprockets are precision machined steel spockets and run with two single chains.  They are stocked in minimum plain bore, taper bushed and Martin Split Taper style. The minimum plain bores can be quickly modified for your specific application.                                 \r\n                </div><h5>Specifications</h5><div><table class=""description-table"">\r\n                        \r\n                        \r\n                        <tr>\r\n                            \r\n                            <th>\r\n                                Material\r\n                            </th>\r\n                            <td>\r\n                                Steel\r\n\r\n                            </td>\r\n                            \r\n                            <th>\r\n                                Hardened Teeth\r\n                            </th>\r\n                            <td>\r\n                                No\r\n\r\n                            </td>\r\n                            \r\n                        </tr>\r\n                        \r\n                        <tr>\r\n                            \r\n                            <th>\r\n                                Chain Number\r\n                            </th>\r\n                            <td>\r\n                                80\r\n\r\n                            </td>\r\n                            \r\n                            <th>\r\n                                Hub Configuration\r\n                            </th>\r\n                            <td>\r\n                                A\r\n\r\n                            </td>\r\n                            \r\n                        </tr>\r\n                        \r\n                        <tr>\r\n                            \r\n                            <th>\r\n                                Chain Pitch\r\n                            </th>\r\n                            <td>\r\n                                1.000 in.\r\n\r\n                            </td>\r\n                            \r\n                            <th>\r\n                                Length thru Bore\r\n\r\n                            </th>\r\n                            <td>\r\n                                2.188 in.\r\n\r\n                            </td>\r\n                            \r\n                        </tr>\r\n                        \r\n                        <tr>\r\n                            \r\n                            <th>\r\n                                Number of Chain Rows\r\n                            </th>\r\n                            <td>\r\n                                Double Single\r\n\r\n                            </td>\r\n                            \r\n                            <th>\r\n                                Construction Detail\r\n                            </th>\r\n                            <td>\r\n                                Solid\r\n\r\n                            </td>\r\n                            \r\n                        </tr>\r\n                        \r\n                        <tr>\r\n                            \r\n                            <th>\r\n                                Number of Teeth\r\n                            </th>\r\n                            <td>\r\n                                19\r\n\r\n                            </td>\r\n                            \r\n                            <th>\r\n                                Bore Type\r\n                            </th>\r\n                            <td>\r\n                                Stock Bore\r\n\r\n                            </td>\r\n                            \r\n                        </tr>\r\n                        \r\n                        <tr>\r\n                            \r\n                            <th>\r\n                                Outside Diameter\r\n\r\n                            </th>\r\n                            <td>\r\n                                6.593 in.\r\n\r\n                            </td>\r\n                            \r\n                            <th>\r\n                                Min Bore Size\r\n                            </th>\r\n                            <td>\r\n                                1.000 in.\r\n\r\n                            </td>\r\n                            \r\n                        </tr>\r\n                        \r\n                        <tr>\r\n                            \r\n                            <th>\r\n                                Pitch Diameter\r\n                            </th>\r\n                            <td>\r\n                                6.076 in.\r\n\r\n                            </td>\r\n                            \r\n                            <th>\r\n                                Max Bore Size\r\n                            </th>\r\n                            <td>\r\n                                3.250 in.\r\n\r\n                            </td>\r\n                            \r\n                        </tr>\r\n                        \r\n                        <tr>\r\n                            \r\n                            <th>\r\n                                Single Strand Tooth Thickness\r\n                            </th>\r\n                            <td>\r\n                                0.575 in.\r\n\r\n                            </td>\r\n                            \r\n                    </tr></table><table class=""description-table"">\r\n                        \r\n                        \r\n                        <tr>\r\n                            \r\n                            <th>\r\n                                Storage Dimension Length\r\n                            </th>\r\n                            <td>\r\n                                6.593 in.\r\n\r\n                            </td>\r\n                            \r\n                            <th>\r\n                                Weight\r\n                            </th>\r\n                            <td>\r\n                                13.77 lbs.\r\n\r\n                            </td>\r\n                            \r\n                        </tr>\r\n                        \r\n                        <tr>\r\n                            \r\n                            <th>\r\n                                Storage Dimension Width\r\n                            </th>\r\n                            <td>\r\n                                6.593 in.\r\n\r\n                            </td>\r\n                            \r\n                            <th>\r\n                                Individually Packaged\r\n                            </th>\r\n                            <td>\r\n                                No\r\n\r\n                            </td>\r\n                            \r\n                        </tr>\r\n                        \r\n                        <tr>\r\n                            \r\n                            <th>\r\n                                Storage Dimension Height\r\n                            </th>\r\n                            <td>\r\n                                2.188 in.\r\n\r\n                            </td>\r\n                            \r\n                    </tr></table></div>",
255912,D06BTB21,D06BTB21 (1008) Metric Double Roller Chain Sprocket Taper Bushed,product_images/25/5912/sprocket_d35_btb_sld_013.jpg,"<div>\r\n                    A metric taper bushed sprocket is a sprocket where a tapered bushing is bolted into the taper bore that is machined in the sprocket.  When installed this bushing is compressed onto the shaft providing a tight grip. Taper bushed sprockets have a tapered bushing bolted into a taper bore with hex head set screws instead of bolts.\r\n                </div><h5>Specifications</h5><div><table class=""description-table"">\r\n                        \r\n                        \r\n                        <tr>\r\n                            \r\n                            <th>\r\n                                Material\r\n                            </th>\r\n                            <td>\r\n                                Steel\r\n\r\n                            </td>\r\n                            \r\n                            <th>\r\n                                Width across Teeth/ Rows\r\n                            </th>\r\n                            <td>\r\n                                15.440 mm\r\n\r\n                            </td>\r\n                            \r\n                        </tr>\r\n                        \r\n                        <tr>\r\n                            \r\n                            <th>\r\n                                Chain Number\r\n                            </th>\r\n                            <td>\r\n                                06B-2\r\n\r\n                            </td>\r\n                            \r\n                            <th>\r\n                                Hub Configuration\r\n                            </th>\r\n                            <td>\r\n                                B\r\n\r\n                            </td>\r\n                            \r\n                        </tr>\r\n                        \r\n                        <tr>\r\n                            \r\n                            <th>\r\n                                Chain Pitch\r\n                            </th>\r\n                            <td>\r\n                                9.530 mm\r\n\r\n                            </td>\r\n                            \r\n                            <th>\r\n                                Hub Outside Diameter\r\n                            </th>\r\n                            <td>\r\n                                52.000 mm\r\n\r\n                            </td>\r\n                            \r\n                        </tr>\r\n                        \r\n                        <tr>\r\n                            \r\n                            <th>\r\n                                Number of Chain Rows\r\n                            </th>\r\n                            <td>\r\n                                2\r\n\r\n                            </td>\r\n                            \r\n                            <th>\r\n                                Construction Detail\r\n                            </th>\r\n                            <td>\r\n                                Solid\r\n\r\n                            </td>\r\n                            \r\n                        </tr>\r\n                        \r\n                        <tr>\r\n                            \r\n                            <th>\r\n                                Number of Teeth\r\n                            </th>\r\n                            <td>\r\n                                21\r\n\r\n                            </td>\r\n                            \r\n                            <th>\r\n                                Bore Type\r\n                            </th>\r\n                            <td>\r\n                                Bushed TB\r\n\r\n                            </td>\r\n                            \r\n                        </tr>\r\n                        \r\n                        <tr>\r\n                            \r\n                            <th>\r\n                                Outside Diameter\r\n\r\n                            </th>\r\n                            <td>\r\n                                69.460 mm\r\n\r\n                            </td>\r\n                            \r\n                            <th>\r\n                                Bushing Part Number\r\n                            </th>\r\n                            <td>\r\n                                1008\r\n\r\n                            </td>\r\n                            \r\n                        </tr>\r\n                        \r\n                        <tr>\r\n                            \r\n                            <th>\r\n                                Pitch Diameter\r\n                            </th>\r\n                            <td>\r\n                                63.910 mm\r\n\r\n                            </td>\r\n                            \r\n                            <th>\r\n                                Bushing Min Bore Size\r\n                            </th>\r\n                            <td>\r\n                                12.700 mm\r\n\r\n                            </td>\r\n                            \r\n                        </tr>\r\n                        \r\n                        <tr>\r\n                            \r\n                            <th>\r\n                                Single Strand Tooth Thickness\r\n                            </th>\r\n                            <td>\r\n                                5.210 mm\r\n\r\n                            </td>\r\n                            \r\n                            <th>\r\n                                Bushing Max Bore Size\r\n                            </th>\r\n                            <td>\r\n                                25.400 mm\r\n\r\n                            </td>\r\n                            \r\n                        </tr>\r\n                        \r\n                    </table><table class=""description-table"">\r\n                        \r\n                        \r\n                        <tr>\r\n                            \r\n                            <th>\r\n                                Storage Dimension Length\r\n                            </th>\r\n                            <td>\r\n                                2.759 in.\r\n\r\n                            </td>\r\n                            \r\n                            <th>\r\n                                Weight\r\n                            </th>\r\n                            <td>\r\n                                0.63 lbs.\r\n\r\n                            </td>\r\n                            \r\n                        </tr>\r\n                        \r\n                        <tr>\r\n                            \r\n                            <th>\r\n                                Storage Dimension Width\r\n                            </th>\r\n                            <td>\r\n                                2.759 in.\r\n\r\n                            </td>\r\n                            \r\n                            <th>\r\n                                Individually Packaged\r\n                            </th>\r\n                            <td>\r\n                                No\r\n\r\n                            </td>\r\n                            \r\n                        </tr>\r\n                        \r\n                        <tr>\r\n                            \r\n                            <th>\r\n                                Storage Dimension Height\r\n                            </th>\r\n                            <td>\r\n                                0.875 in.\r\n\r\n                            </td>\r\n                            \r\n                    </tr></table></div>",
255916,D06BTB26,D06BTB26 (1210) Metric Double Roller Chain Sprocket Taper Bushed,product_images/25/5916/sprocket_d35_btb_sld_013.jpg,"<div>\r\n                    A metric taper bushed sprocket is a sprocket where a tapered bushing is bolted into the taper bore that is machined in the sprocket.  When installed this bushing is compressed onto the shaft providing a tight grip. Taper bushed sprockets have a tapered bushing bolted into a taper bore with hex head set screws instead of bolts.\r\n                </div><h5>Specifications</h5><div><table class=""description-table"">\r\n                        \r\n                        \r\n                        <tr>\r\n                            \r\n                            <th>\r\n                                Material\r\n                            </th>\r\n                            <td>\r\n                                Steel\r\n\r\n                            </td>\r\n                            \r\n                            <th>\r\n                                Width across Teeth/ Rows\r\n                            </th>\r\n                            <td>\r\n                                15.440 mm\r\n\r\n                            </td>\r\n                            \r\n                        </tr>\r\n                        \r\n                        <tr>\r\n                            \r\n                            <th>\r\n                                Chain Number\r\n                            </th>\r\n                            <td>\r\n                                06B-2\r\n\r\n                            </td>\r\n                            \r\n                            <th>\r\n                                Hub Configuration\r\n                            </th>\r\n                            <td>\r\n                                B\r\n\r\n                            </td>\r\n                            \r\n                        </tr>\r\n                        \r\n                        <tr>\r\n                            \r\n                            <th>\r\n                                Chain Pitch\r\n                            </th>\r\n                            <td>\r\n                                9.530 mm\r\n\r\n                            </td>\r\n                            \r\n                            <th>\r\n                                Hub Outside Diameter\r\n                            </th>\r\n                            <td>\r\n                                67.000 mm\r\n\r\n                            </td>\r\n                            \r\n                        </tr>\r\n                        \r\n                        <tr>\r\n                            \r\n                            <th>\r\n                                Number of Chain Rows\r\n                            </th>\r\n                            <td>\r\n                                2\r\n\r\n                            </td>\r\n                            \r\n                            <th>\r\n                                Construction Detail\r\n                            </th>\r\n                            <td>\r\n                                Solid\r\n\r\n                            </td>\r\n                            \r\n                        </tr>\r\n                        \r\n                        <tr>\r\n                            \r\n                            <th>\r\n                                Number of Teeth\r\n                            </th>\r\n                            <td>\r\n                                26\r\n\r\n                            </td>\r\n                            \r\n                            <th>\r\n                                Bore Type\r\n                            </th>\r\n                            <td>\r\n                                Bushed TB\r\n\r\n                            </td>\r\n                            \r\n                        </tr>\r\n                        \r\n                        <tr>\r\n                            \r\n                            <th>\r\n                                Outside Diameter\r\n\r\n                            </th>\r\n                            <td>\r\n                                84.580 mm\r\n\r\n                            </td>\r\n                            \r\n                            <th>\r\n                                Bushing Part Number\r\n                            </th>\r\n                            <td>\r\n                                1210\r\n\r\n                            </td>\r\n                            \r\n                        </tr>\r\n                        \r\n                        <tr>\r\n                            \r\n                            <th>\r\n                                Pitch Diameter\r\n                            </th>\r\n                            <td>\r\n                                79.020 mm\r\n\r\n                            </td>\r\n                            \r\n                            <th>\r\n                                Bushing Min Bore Size\r\n                            </th>\r\n                            <td>\r\n                                12.700 mm\r\n\r\n                            </td>\r\n                            \r\n                        </tr>\r\n                        \r\n                        <tr>\r\n                            \r\n                            <th>\r\n                                Single Strand Tooth Thickness\r\n                            </th>\r\n                            <td>\r\n                                5.210 mm\r\n\r\n                            </td>\r\n                            \r\n                            <th>\r\n                                Bushing Max Bore Size\r\n                            </th>\r\n                            <td>\r\n                                31.750 mm\r\n\r\n                            </td>\r\n                            \r\n                        </tr>\r\n                        \r\n                    </table><table class=""description-table"">\r\n                        \r\n                        \r\n                        <tr>\r\n                            \r\n                            <th>\r\n                                Storage Dimension Length\r\n                            </th>\r\n                            <td>\r\n                                3.361 in.\r\n\r\n                            </td>\r\n                            \r\n                            <th>\r\n                                Weight\r\n                            </th>\r\n                            <td>\r\n                                1.01 lbs.\r\n\r\n                            </td>\r\n                            \r\n                        </tr>\r\n                        \r\n                        <tr>\r\n                            \r\n                            <th>\r\n                                Storage Dimension Width\r\n                            </th>\r\n                            <td>\r\n                                3.361 in.\r\n\r\n                            </td>\r\n                            \r\n                            <th>\r\n                                Individually Packaged\r\n                            </th>\r\n                            <td>\r\n                                No\r\n\r\n                            </td>\r\n                            \r\n                        </tr>\r\n                        \r\n                        <tr>\r\n                            \r\n                            <th>\r\n                                Storage Dimension Height\r\n                            </th>\r\n                            <td>\r\n                                1.000 in.\r\n\r\n                            </td>\r\n                            \r\n                    </tr></table></div>",
255920,D06BTB38,D06BTB38 (1610) Metric Double Roller Chain Sprocket Taper Bushed,product_images/25/5920/sprocket_d35_btb_sld_013.jpg,"<div>\r\n                    A metric taper bushed sprocket is a sprocket where a tapered bushing is bolted into the taper bore that is machined in the sprocket.  When installed this bushing is compressed onto the shaft providing a tight grip. Taper bushed sprockets have a tapered bushing bolted into a taper bore with hex head set screws instead of bolts.\r\n                </div><h5>Specifications</h5><div><table class=""description-table"">\r\n                        \r\n                        \r\n                        <tr>\r\n                            \r\n                            <th>\r\n                                Material\r\n                            </th>\r\n                            <td>\r\n                                Steel\r\n\r\n                            </td>\r\n                            \r\n                            <th>\r\n                                Width across Teeth/ Rows\r\n                            </th>\r\n                            <td>\r\n                                15.440 mm\r\n\r\n                            </td>\r\n                            \r\n                        </tr>\r\n                        \r\n                        <tr>\r\n                            \r\n                            <th>\r\n                                Chain Number\r\n                            </th>\r\n                            <td>\r\n                                06B-2\r\n\r\n                            </td>\r\n                            \r\n                            <th>\r\n                                Hub Configuration\r\n                            </th>\r\n                            <td>\r\n                                B\r\n\r\n                            </td>\r\n                            \r\n                        </tr>\r\n                        \r\n                        <tr>\r\n                            \r\n                            <th>\r\n                                Chain Pitch\r\n                            </th>\r\n                            <td>\r\n                                9.530 mm\r\n\r\n                            </td>\r\n                            \r\n                            <th>\r\n                                Hub Outside Diameter\r\n                            </th>\r\n                            <td>\r\n                                83.000 mm\r\n\r\n                            </td>\r\n                            \r\n                        </tr>\r\n                        \r\n                        <tr>\r\n                            \r\n                            <th>\r\n                                Number of Chain Rows\r\n                            </th>\r\n                            <td>\r\n                                2\r\n\r\n                            </td>\r\n                            \r\n                            <th>\r\n                                Construction Detail\r\n                            </th>\r\n                            <td>\r\n                                Solid\r\n\r\n                            </td>\r\n                            \r\n                        </tr>\r\n                        \r\n                        <tr>\r\n                            \r\n                            <th>\r\n                                Number of Teeth\r\n                            </th>\r\n                            <td>\r\n                                38\r\n\r\n                            </td>\r\n                            \r\n                            <th>\r\n                                Bore Type\r\n                            </th>\r\n                            <td>\r\n                                Bushed TB\r\n\r\n                            </td>\r\n                            \r\n                        </tr>\r\n                        \r\n                        <tr>\r\n                            \r\n                            <th>\r\n                                Outside Diameter\r\n\r\n                            </th>\r\n                            <td>\r\n                                120.900 mm\r\n\r\n                            </td>\r\n                            \r\n                            <th>\r\n                                Bushing Part Number\r\n                            </th>\r\n                            <td>\r\n                                1610\r\n\r\n                            </td>\r\n                            \r\n                        </tr>\r\n                        \r\n                        <tr>\r\n                            \r\n                            <th>\r\n                                Pitch Diameter\r\n                            </th>\r\n                            <td>\r\n                                115.340 mm\r\n\r\n                            </td>\r\n                            \r\n                            <th>\r\n                                Bushing Min Bore Size\r\n                            </th>\r\n                            <td>\r\n                                12.700 mm\r\n\r\n                            </td>\r\n                            \r\n                        </tr>\r\n                        \r\n                        <tr>\r\n                            \r\n                            <th>\r\n                                Single Strand Tooth Thickness\r\n                            </th>\r\n                            <td>\r\n                                5.210 mm\r\n\r\n                            </td>\r\n                            \r\n                            <th>\r\n                                Bushing Max Bore Size\r\n                            </th>\r\n                            <td>\r\n                                41.280 mm\r\n\r\n                            </td>\r\n                            \r\n                        </tr>\r\n                        \r\n                    </table><table class=""description-table"">\r\n                        \r\n                        \r\n                        <tr>\r\n                            \r\n                            <th>\r\n                                Storage Dimension Length\r\n                            </th>\r\n                            <td>\r\n                                4.791 in.\r\n\r\n                            </td>\r\n                            \r\n                            <th>\r\n                                Weight\r\n                            </th>\r\n                            <td>\r\n                                2.30 lbs.\r\n\r\n                            </td>\r\n                            \r\n                        </tr>\r\n                        \r\n                        <tr>\r\n                            \r\n                            <th>\r\n                                Storage Dimension Width\r\n                            </th>\r\n                            <td>\r\n                                4.791 in.\r\n\r\n                            </td>\r\n                            \r\n                            <th>\r\n                                Individually Packaged\r\n                            </th>\r\n                            <td>\r\n                                No\r\n\r\n                            </td>\r\n                            \r\n                        </tr>\r\n                        \r\n                        <tr>\r\n                            \r\n                            <th>\r\n                                Storage Dimension Height\r\n                            </th>\r\n                            <td>\r\n                                1.000 in.\r\n\r\n                            </td>\r\n                            \r\n                    </tr></table></div>",
255924,D06BTB54,D06BTB54 (1610) Metric Double Roller Chain Sprocket Taper Bushed,product_images/25/5924/sprocket_d35_btb_sld_70_013.jpg,"<div>\r\n                    A metric taper bushed sprocket is a sprocket where a tapered bushing is bolted into the taper bore that is machined in the sprocket.  When installed this bushing is compressed onto the shaft providing a tight grip. Taper bushed sprockets have a tapered bushing bolted into a taper bore with hex head set screws instead of bolts.\r\n                </div><h5>Specifications</h5><div><table class=""description-table"">\r\n                        \r\n                        \r\n                        <tr>\r\n                            \r\n                            <th>\r\n                                Material\r\n                            </th>\r\n                            <td>\r\n                                Steel\r\n\r\n                            </td>\r\n                            \r\n                            <th>\r\n                                Width across Teeth/ Rows\r\n                            </th>\r\n                            <td>\r\n                                15.440 mm\r\n\r\n                            </td>\r\n                            \r\n                        </tr>\r\n                        \r\n                        <tr>\r\n                            \r\n                            <th>\r\n                                Chain Number\r\n                            </th>\r\n                            <td>\r\n                                06B-2\r\n\r\n                            </td>\r\n                            \r\n                            <th>\r\n                                Hub Configuration\r\n                            </th>\r\n                            <td>\r\n                                B\r\n\r\n                            </td>\r\n                            \r\n                        </tr>\r\n                        \r\n                        <tr>\r\n                            \r\n                            <th>\r\n                                Chain Pitch\r\n                            </th>\r\n                            <td>\r\n                                9.530 mm\r\n\r\n                            </td>\r\n                            \r\n                            <th>\r\n                                Hub Outside Diameter\r\n                            </th>\r\n                            <td>\r\n                                92.000 mm\r\n\r\n                            </td>\r\n                            \r\n                        </tr>\r\n                        \r\n                        <tr>\r\n                            \r\n                            <th>\r\n                                Number of Chain Rows\r\n                            </th>\r\n                            <td>\r\n                                2\r\n\r\n                            </td>\r\n                            \r\n                            <th>\r\n                                Construction Detail\r\n                            </th>\r\n                            <td>\r\n                                Solid\r\n\r\n                            </td>\r\n                            \r\n                        </tr>\r\n                        \r\n                        <tr>\r\n                            \r\n                            <th>\r\n                                Number of Teeth\r\n                            </th>\r\n                            <td>\r\n                                54\r\n\r\n                            </td>\r\n                            \r\n                            <th>\r\n                                Bore Type\r\n                            </th>\r\n                            <td>\r\n                                Bushed TB\r\n\r\n                            </td>\r\n                            \r\n                        </tr>\r\n                        \r\n                        <tr>\r\n                            \r\n                            <th>\r\n                                Outside Diameter\r\n\r\n                            </th>\r\n                            <td>\r\n                                169.370 mm\r\n\r\n                            </td>\r\n                            \r\n                            <th>\r\n                                Bushing Part Number\r\n                            </th>\r\n                            <td>\r\n                                1610\r\n\r\n                            </td>\r\n                            \r\n                        </tr>\r\n                        \r\n                        <tr>\r\n                            \r\n                            <th>\r\n                                Pitch Diameter\r\n                            </th>\r\n                            <td>\r\n                                163.820 mm\r\n\r\n                            </td>\r\n                            \r\n                            <th>\r\n                                Bushing Min Bore Size\r\n                            </th>\r\n                            <td>\r\n                                12.700 mm\r\n\r\n                            </td>\r\n                            \r\n                        </tr>\r\n                        \r\n                        <tr>\r\n                            \r\n                            <th>\r\n                                Single Strand Tooth Thickness\r\n                            </th>\r\n                            <td>\r\n                                5.210 mm\r\n\r\n                            </td>\r\n                            \r\n                            <th>\r\n                                Bushing Max Bore Size\r\n                            </th>\r\n                            <td>\r\n                                41.280 mm\r\n\r\n                            </td>\r\n                            \r\n                        </tr>\r\n                        \r\n                    </table><table class=""description-table"">\r\n                        \r\n                        \r\n                        <tr>\r\n                            \r\n                            <th>\r\n                                Storage Dimension Length\r\n                            </th>\r\n                            <td>\r\n                                6.699 in.\r\n\r\n                            </td>\r\n                            \r\n                            <th>\r\n                                Weight\r\n                            </th>\r\n                            <td>\r\n                                5.33 lbs.\r\n\r\n                            </td>\r\n                            \r\n                        </tr>\r\n                        \r\n                        <tr>\r\n                            \r\n                            <th>\r\n                                Storage Dimension Width\r\n                            </th>\r\n                            <td>\r\n                                6.699 in.\r\n\r\n                            </td>\r\n                            \r\n                            <th>\r\n                                Individually Packaged\r\n                            </th>\r\n                            <td>\r\n                                No\r\n\r\n                            </td>\r\n                            \r\n                        </tr>\r\n                        \r\n                        <tr>\r\n                            \r\n                            <th>\r\n                                Storage Dimension Height\r\n                            </th>\r\n                            <td>\r\n                                1.000 in.\r\n\r\n                            </td>\r\n                            \r\n                    </tr></table></div>",
255928,D06BTB76,D06BTB76 (1610) Metric Double Roller Chain Sprocket Taper Bushed,product_images/25/5928/sprocket_d35_btb_sld_70_013.jpg,"<div>\r\n                    A metric taper bushed sprocket is a sprocket where a tapered bushing is bolted into the taper bore that is machined in the sprocket.  When installed this bushing is compressed onto the shaft providing a tight grip. Taper bushed sprockets have a tapered bushing bolted into a taper bore with hex head set screws instead of bolts.\r\n                </div><h5>Specifications</h5><div><table class=""description-table"">\r\n                        \r\n                        \r\n                        <tr>\r\n                            \r\n                            <th>\r\n                                Material\r\n                            </th>\r\n                            <td>\r\n                                Steel\r\n\r\n                            </td>\r\n                            \r\n                            <th>\r\n                                Width across Teeth/ Rows\r\n                            </th>\r\n                            <td>\r\n                                15.440 mm\r\n\r\n                            </td>\r\n                            \r\n                        </tr>\r\n                        \r\n                        <tr>\r\n                            \r\n                            <th>\r\n                                Chain Number\r\n                            </th>\r\n                            <td>\r\n                                06B-2\r\n\r\n                            </td>\r\n                            \r\n                            <th>\r\n                                Hub Configuration\r\n                            </th>\r\n                            <td>\r\n                                B\r\n\r\n                            </td>\r\n                            \r\n                        </tr>\r\n                        \r\n                        <tr>\r\n                            \r\n                            <th>\r\n                                Chain Pitch\r\n                            </th>\r\n                            <td>\r\n                                9.530 mm\r\n\r\n                            </td>\r\n                            \r\n                            <th>\r\n                                Hub Outside Diameter\r\n                            </th>\r\n                            <td>\r\n                                92.000 mm\r\n\r\n                            </td>\r\n                            \r\n                        </tr>\r\n                        \r\n                        <tr>\r\n                            \r\n                            <th>\r\n                                Number of Chain Rows\r\n                            </th>\r\n                            <td>\r\n                                2\r\n\r\n                            </td>\r\n                            \r\n                            <th>\r\n                                Construction Detail\r\n                            </th>\r\n                            <td>\r\n                                Solid\r\n\r\n                            </td>\r\n                            \r\n                        </tr>\r\n                        \r\n                        <tr>\r\n                            \r\n                            <th>\r\n                                Number of Teeth\r\n                            </th>\r\n                            <td>\r\n                                76\r\n\r\n                            </td>\r\n                            \r\n                            <th>\r\n                                Bore Type\r\n                            </th>\r\n                            <td>\r\n                                Bushed TB\r\n\r\n                            </td>\r\n                            \r\n                        </tr>\r\n                        \r\n                        <tr>\r\n                            \r\n                            <th>\r\n                                Outside Diameter\r\n\r\n                            </th>\r\n                            <td>\r\n                                236.050 mm\r\n\r\n                            </td>\r\n                            \r\n                            <th>\r\n                                Bushing Part Number\r\n                            </th>\r\n                            <td>\r\n                                1610\r\n\r\n                            </td>\r\n                            \r\n                        </tr>\r\n                        \r\n                        <tr>\r\n                            \r\n                            <th>\r\n                                Pitch Diameter\r\n                            </th>\r\n                            <td>\r\n                                230.490 mm\r\n\r\n                            </td>\r\n                            \r\n                            <th>\r\n                                Bushing Min Bore Size\r\n                            </th>\r\n                            <td>\r\n                                12.700 mm\r\n\r\n                            </td>\r\n                            \r\n                        </tr>\r\n                        \r\n                        <tr>\r\n                            \r\n                            <th>\r\n                                Single Strand Tooth Thickness\r\n                            </th>\r\n                            <td>\r\n                                5.210 mm\r\n\r\n                            </td>\r\n                            \r\n                            <th>\r\n                                Bushing Max Bore Size\r\n                            </th>\r\n                            <td>\r\n                                41.280 mm\r\n\r\n                            </td>\r\n                            \r\n                        </tr>\r\n                        \r\n                    </table><table class=""description-table"">\r\n                        \r\n                        \r\n                        <tr>\r\n                            \r\n                            <th>\r\n                                Storage Dimension Length\r\n                            </th>\r\n                            <td>\r\n                                9.324 in.\r\n\r\n                            </td>\r\n                            \r\n                            <th>\r\n                                Weight\r\n                            </th>\r\n                            <td>\r\n                                11.50 lbs.\r\n\r\n                            </td>\r\n                            \r\n                        </tr>\r\n                        \r\n                        <tr>\r\n                            \r\n                            <th>\r\n                                Storage Dimension Width\r\n                            </th>\r\n                            <td>\r\n                                9.324 in.\r\n\r\n                            </td>\r\n                            \r\n                            <th>\r\n                                Individually Packaged\r\n                            </th>\r\n                            <td>\r\n                                No\r\n\r\n                            </td>\r\n                            \r\n                        </tr>\r\n                        \r\n                        <tr>\r\n                            \r\n                            <th>\r\n                                Storage Dimension Height\r\n                            </th>\r\n                            <td>\r\n                                1.000 in.\r\n\r\n                            </td>\r\n                            \r\n                    </tr></table></div>",
255932,D06B13,D06B13 Metric Double Roller Chain Sprocket,product_images/25/5932/sprocket_d35b_sld_007.jpg,"<div>\r\n                    Martin metric double strand solid construction sprockets have proper spacing between chain rows. The sprockets are manufactured from high carbon steel. Martin does not stack A plates on multiples, but instead Martin machines teeth after the chain rows are already in place. These plain bore sprockets can easily be bored to a metric or standard size to fit your application. Keyways, set screws and harden teeth are quick alterations that can be made.\r\n                </div><h5>Specifications</h5><div><table class=""description-table"">\r\n                        \r\n                        \r\n                        <tr>\r\n                            \r\n                            <th>\r\n                                Material\r\n                            </th>\r\n                            <td>\r\n                                Steel\r\n\r\n                            </td>\r\n                            \r\n                            <th>\r\n                                Width across Teeth/ Rows\r\n                            </th>\r\n                            <td>\r\n                                15.443 mm\r\n\r\n                            </td>\r\n                            \r\n                        </tr>\r\n                        \r\n                        <tr>\r\n                            \r\n                            <th>\r\n                                Chain Number\r\n                            </th>\r\n                            <td>\r\n                                06B-2\r\n\r\n                            </td>\r\n                            \r\n                            <th>\r\n                                Hub Configuration\r\n                            </th>\r\n                            <td>\r\n                                B\r\n\r\n                            </td>\r\n                            \r\n                        </tr>\r\n                        \r\n                        <tr>\r\n                            \r\n                            <th>\r\n                                Chain Pitch\r\n                            </th>\r\n                            <td>\r\n                                9.525 mm\r\n\r\n                            </td>\r\n                            \r\n                            <th>\r\n                                Hub Outside Diameter\r\n                            </th>\r\n                            <td>\r\n                                28.016 mm\r\n\r\n                            </td>\r\n                            \r\n                        </tr>\r\n                        \r\n                        <tr>\r\n                            \r\n                            <th>\r\n                                Number of Chain Rows\r\n                            </th>\r\n                            <td>\r\n                                2\r\n\r\n                            </td>\r\n                            \r\n                            <th>\r\n                                Length thru Bore\r\n\r\n                            </th>\r\n                            <td>\r\n                                24.994 mm\r\n\r\n                            </td>\r\n                            \r\n                        </tr>\r\n                        \r\n                        <tr>\r\n                            \r\n                            <th>\r\n                                Number of Teeth\r\n                            </th>\r\n                            <td>\r\n                                13\r\n\r\n                            </td>\r\n                            \r\n                            <th>\r\n                                Construction Detail\r\n                            </th>\r\n                            <td>\r\n                                Solid\r\n\r\n                            </td>\r\n                            \r\n                        </tr>\r\n                        \r\n                        <tr>\r\n                            \r\n                            <th>\r\n                                Outside Diameter\r\n\r\n                            </th>\r\n                            <td>\r\n                                45.357 mm\r\n\r\n                            </td>\r\n                            \r\n                            <th>\r\n                                Bore Type\r\n                            </th>\r\n                            <td>\r\n                                Stock Bore\r\n\r\n                            </td>\r\n                            \r\n                        </tr>\r\n                        \r\n                        <tr>\r\n                            \r\n                            <th>\r\n                                Pitch Diameter\r\n                            </th>\r\n                            <td>\r\n                                39.801 mm\r\n\r\n                            </td>\r\n                            \r\n                            <th>\r\n                                Min Bore Size\r\n                            </th>\r\n                            <td>\r\n                                10.000 mm\r\n\r\n                            </td>\r\n                            \r\n                        </tr>\r\n                        \r\n                        <tr>\r\n                            \r\n                            <th>\r\n                                Single Strand Tooth Thickness\r\n                            </th>\r\n                            <td>\r\n                                5.309 mm\r\n\r\n                            </td>\r\n                            \r\n                            <th>\r\n                                Max Bore Size\r\n                            </th>\r\n                            <td>\r\n                                19.000 mm\r\n\r\n                            </td>\r\n                            \r\n                        </tr>\r\n                        \r\n                    </table><table class=""description-table"">\r\n                        \r\n                        \r\n                        <tr>\r\n                            \r\n                            <th>\r\n                                Storage Dimension Length\r\n                            </th>\r\n                            <td>\r\n                                1.786 in.\r\n\r\n                            </td>\r\n                            \r\n                            <th>\r\n                                Weight\r\n                            </th>\r\n                            <td>\r\n                                0.32 lbs.\r\n\r\n                            </td>\r\n                            \r\n                        </tr>\r\n                        \r\n                        <tr>\r\n                            \r\n                            <th>\r\n                                Storage Dimension Width\r\n                            </th>\r\n                            <td>\r\n                                1.786 in.\r\n\r\n                            </td>\r\n                            \r\n                            <th>\r\n                                Individually Packaged\r\n                            </th>\r\n                            <td>\r\n                                No\r\n\r\n                            </td>\r\n                            \r\n                        </tr>\r\n                        \r\n                        <tr>\r\n                            \r\n                            <th>\r\n                                Storage Dimension Height\r\n                            </th>\r\n                            <td>\r\n                                0.984 in.\r\n\r\n                            </td>\r\n                            \r\n                    </tr></table></div>",
255948,D06B29,D06B29 Metric Double Roller Chain Sprocket,product_images/25/5948/sprocket_d35_sld_007_30.jpg,"<div>\r\n                    Martin metric double strand solid construction sprockets have proper spacing between chain rows. The sprockets are manufactured from high carbon steel. Martin does not stack A plates on multiples, but instead Martin machines teeth after the chain rows are already in place. These plain bore sprockets can easily be bored to a metric or standard size to fit your application. Keyways, set screws and harden teeth are quick alterations that can be made.\r\n                </div><h5>Specifications</h5><div><table class=""description-table"">\r\n                        \r\n                        \r\n                        <tr>\r\n                            \r\n                            <th>\r\n                                Material\r\n                            </th>\r\n                            <td>\r\n                                Steel\r\n\r\n                            </td>\r\n                            \r\n                            <th>\r\n                                Width across Teeth/ Rows\r\n                            </th>\r\n                            <td>\r\n                                15.443 mm\r\n\r\n                            </td>\r\n                            \r\n                        </tr>\r\n                        \r\n                        <tr>\r\n                            \r\n                            <th>\r\n                                Chain Number\r\n                            </th>\r\n                            <td>\r\n                                06B-2\r\n\r\n                            </td>\r\n                            \r\n                            <th>\r\n                                Hub Configuration\r\n                            </th>\r\n                            <td>\r\n                                B\r\n\r\n                            </td>\r\n                            \r\n                        </tr>\r\n                        \r\n                        <tr>\r\n                            \r\n                            <th>\r\n                                Chain Pitch\r\n                            </th>\r\n                            <td>\r\n                                9.525 mm\r\n\r\n                            </td>\r\n                            \r\n                            <th>\r\n                                Hub Outside Diameter\r\n                            </th>\r\n                            <td>\r\n                                75.997 mm\r\n\r\n                            </td>\r\n                            \r\n                        </tr>\r\n                        \r\n                        <tr>\r\n                            \r\n                            <th>\r\n                                Number of Chain Rows\r\n                            </th>\r\n                            <td>\r\n                                2\r\n\r\n                            </td>\r\n                            \r\n                            <th>\r\n                                Length thru Bore\r\n\r\n                            </th>\r\n                            <td>\r\n                                29.997 mm\r\n\r\n                            </td>\r\n                            \r\n                        </tr>\r\n                        \r\n                        <tr>\r\n                            \r\n                            <th>\r\n                                Number of Teeth\r\n                            </th>\r\n                            <td>\r\n                                29\r\n\r\n                            </td>\r\n                            \r\n                            <th>\r\n                                Construction Detail\r\n                            </th>\r\n                            <td>\r\n                                Solid\r\n\r\n                            </td>\r\n                            \r\n                        </tr>\r\n                        \r\n                        <tr>\r\n                            \r\n                            <th>\r\n                                Outside Diameter\r\n\r\n                            </th>\r\n                            <td>\r\n                                93.654 mm\r\n\r\n                            </td>\r\n                            \r\n                            <th>\r\n                                Bore Type\r\n                            </th>\r\n                            <td>\r\n                                Stock Bore\r\n\r\n                            </td>\r\n                            \r\n                        </tr>\r\n                        \r\n                        <tr>\r\n                            \r\n                            <th>\r\n                                Pitch Diameter\r\n                            </th>\r\n                            <td>\r\n                                88.097 mm\r\n\r\n                            </td>\r\n                            \r\n                            <th>\r\n                                Min Bore Size\r\n                            </th>\r\n                            <td>\r\n                                12.000 mm\r\n\r\n                            </td>\r\n                            \r\n                        </tr>\r\n                        \r\n                        <tr>\r\n                            \r\n                            <th>\r\n                                Single Strand Tooth Thickness\r\n                            </th>\r\n                            <td>\r\n                                5.309 mm\r\n\r\n                            </td>\r\n                            \r\n                            <th>\r\n                                Max Bore Size\r\n                            </th>\r\n                            <td>\r\n                                52.000 mm\r\n\r\n                            </td>\r\n                            \r\n                        </tr>\r\n                        \r\n                    </table><table class=""description-table"">\r\n                        \r\n                        \r\n                        <tr>\r\n                            \r\n                            <th>\r\n                                Storage Dimension Length\r\n                            </th>\r\n                            <td>\r\n                                3.687 in.\r\n\r\n                            </td>\r\n                            \r\n                            <th>\r\n                                Weight\r\n                            </th>\r\n                            <td>\r\n                                2.69 lbs.\r\n\r\n                            </td>\r\n                            \r\n                        </tr>\r\n                        \r\n                        <tr>\r\n                            \r\n                            <th>\r\n                                Storage Dimension Width\r\n                            </th>\r\n                            <td>\r\n                                3.687 in.\r\n\r\n                            </td>\r\n                            \r\n                            <th>\r\n                                Individually Packaged\r\n                            </th>\r\n                            <td>\r\n                                No\r\n\r\n                            </td>\r\n                            \r\n                        </tr>\r\n                        \r\n                        <tr>\r\n                            \r\n                            <th>\r\n                                Storage Dimension Height\r\n                            </th>\r\n                            <td>\r\n                                1.181 in.\r\n\r\n                            </td>\r\n                            \r\n                    </tr></table></div>",